Gene.ID,Gene_name,Expression,Log2FC,FDR,,
ENSOARG00000014648,RSAD2,up_regulated,11.0631,0,,
ENSOARG00000002839,-,up_regulated,11.0064,0,,
ENSOARG00000010231,MX2,up_regulated,10.3508,0,,
ENSOARG00000020741,TNFSF10,up_regulated,10.285,0,,
ENSOARG00000011372,BATF2,up_regulated,9.74292,2.81E-37,,
ENSOARG00000017418,ZBP1,up_regulated,9.69336,0,,
ENSOARG00000002173,PLAC8,up_regulated,9.69008,4.44E-38,,
ENSOARG00000020215,-,up_regulated,9.3368,0,,
ENSOARG00000015072,-,up_regulated,9.21411,0,,
ENSOARG00000016787,-,up_regulated,9.03181,0,,
ENSOARG00000013440,IFI44,up_regulated,8.99588,0,,
ENSOARG00000015169,IFIT2,up_regulated,8.59231,0,,
ENSOARG00000002372,-,up_regulated,8.53865,0,,
ENSOARG00000007233,ISG15,up_regulated,8.26954,1.29E-28,,
ENSOARG00000015297,GBP5,up_regulated,8.2136,0,,
ENSOARG00000002881,OAS1,up_regulated,8.19787,0,,
ENSOARG00000001138,-,up_regulated,8.14101,0,,
ENSOARG00000014731,DDX58,up_regulated,8.13334,0,,
ENSOARG00000015414,-,up_regulated,7.98557,0,,
ENSOARG00000025182,-,up_regulated,7.91551,0,,
ENSOARG00000010964,ISG20,up_regulated,7.7473,0,,
ENSOARG00000001815,-,up_regulated,7.58923,0,,
ENSOARG00000010283,MX1,up_regulated,7.26829,7.90E-29,,
ENSOARG00000014800,IFIT3,up_regulated,7.22946,0,,
ENSOARG00000015177,IFIT1,up_regulated,7.09395,0,,
ENSOARG00000007427,EPSTI1,up_regulated,6.82216,0,,
ENSOARG00000020472,CLDN1,up_regulated,6.75561,0,,
ENSOARG00000018834,NLRC5,up_regulated,6.63538,0,,
ENSOARG00000015432,-,up_regulated,6.56101,0,,
ENSOARG00000009508,KIF5C,up_regulated,6.52684,0,,
ENSOARG00000005617,TNFSF13B,up_regulated,6.50338,0,,
ENSOARG00000009097,OAS2,up_regulated,6.23549,4.06E-26,,
ENSOARG00000013421,IFI44L,up_regulated,6.15896,0,,
ENSOARG00000020495,RTP4,up_regulated,6.09077,7.57E-26,,
ENSOARG00000014413,-,up_regulated,6.08025,0,,
ENSOARG00000016748,-,up_regulated,6.04746,0,,
ENSOARG00000008349,TACSTD2,up_regulated,6.01119,0,,
ENSOARG00000018022,LMO2,up_regulated,6.00543,6.53E-28,,
ENSOARG00000006626,IRF7,up_regulated,5.93606,0,,
ENSOARG00000015974,SLC15A3,up_regulated,5.84614,0,,
ENSOARG00000000888,XAF1,up_regulated,5.84211,0,,
ENSOARG00000007065,MAP1LC3C,up_regulated,5.76795,0,,
ENSOARG00000006142,IFIH1,up_regulated,5.7369,0,,
ENSOARG00000020160,PARP14,up_regulated,5.71396,0,,
ENSOARG00000015226,-,up_regulated,5.61449,2.13E-10,,
ENSOARG00000018615,SAMD9,up_regulated,5.61442,0,,
ENSOARG00000000942,RNF213,up_regulated,5.48393,0,,
ENSOARG00000005557,-,up_regulated,5.48256,0,,
ENSOARG00000016510,-,up_regulated,5.45478,0,,
ENSOARG00000000530,HERC5,up_regulated,5.438,0,,
ENSOARG00000015234,PARM1,up_regulated,5.41763,0,,
ENSOARG00000016617,TRANK1,up_regulated,5.32797,0,,
ENSOARG00000013525,PDCD1LG2,up_regulated,5.31728,1.68E-26,,
ENSOARG00000011007,PLA2G7,up_regulated,5.06301,1.27E-39,,
ENSOARG00000019512,DENND2D,up_regulated,4.92237,8.09E-39,,
ENSCVR000000000000001,SOCS1,up_regulated,4.90871,0,,
ENSOARG00000007866,PSMB9,up_regulated,4.82,0,,
ENSOARG00000018341,-,up_regulated,4.68788,7.26E-20,,
ENSOARG00000014636,CMPK2,up_regulated,4.68532,0,,
ENSOARG00000002744,-,up_regulated,4.66182,7.87E-07,,
ENSOARG00000010110,SLC6A4,up_regulated,4.64582,5.72E-36,,
ENSOARG00000019272,-,up_regulated,4.62876,0,,
ENSOARG00000019033,-,up_regulated,4.59158,5.63E-32,,
ENSOARG00000000269,RASGEF1B,up_regulated,4.57168,3.29E-26,,
ENSOARG00000013509,CD274,up_regulated,4.5231,0,,
ENSOARG00000000153,TREX1,up_regulated,4.50459,0,,
ENSOARG00000012408,PARP12,up_regulated,4.49779,0,,
ENSOARG00000011997,UBA7,up_regulated,4.48493,0,,
ENSOARG00000017651,-,up_regulated,4.45964,5.24E-39,,
ENSOARG00000001588,-,up_regulated,4.45614,3.52E-11,,
ENSOARG00000015959,ZAN,up_regulated,4.38301,6.31E-07,,
ENSOARG00000002928,KCTD19,up_regulated,4.25354,1.90E-16,,
ENSOARG00000006104,MB21D1,up_regulated,4.21589,0,,
ENSOARG00000020630,-,up_regulated,4.19993,0,,
ENSOARG00000018703,-,up_regulated,4.17199,1.98E-13,,
ENSOARG00000002725,-,up_regulated,4.16848,1.52E-24,,
ENSOARG00000008702,-,up_regulated,4.13413,1.76E-08,,
ENSOARG00000020150,PARP9,up_regulated,4.11983,0,,
ENSOARG00000007603,-,up_regulated,4.07644,0,,
ENSOARG00000001229,-,up_regulated,4.07332,2.16E-28,,
ENSOARG00000020153,DTX3L,up_regulated,4.02984,0,,
ENSOARG00000007738,TAP1,up_regulated,3.99289,0,,
ENSOARG00000020976,GLDN,up_regulated,3.98479,1.97E-05,,
ENSOARG00000009157,NEK5,up_regulated,3.97805,5.80E-40,,
ENSOARG00000005992,NCCRP1,up_regulated,3.94407,1.16E-19,,
ENSOARG00000000896,-,up_regulated,3.90508,0,,
ENSOARG00000001757,FOXS1,up_regulated,3.88829,3.46E-12,,
ENSOARG00000000306,TIFA,up_regulated,3.88487,0,,
ENSOARG00000009740,EIF2AK2,up_regulated,3.832,0,,
ENSOARG00000004233,PML,up_regulated,3.77429,0,,
ENSOARG00000020656,SP100,up_regulated,3.76256,0,,
ENSOARG00000000944,TRIM21,up_regulated,3.73954,0,,
ENSOARG00000012119,IL15,up_regulated,3.72587,1.40E-16,,
ENSOARG00000021041,C15orf48,up_regulated,3.72473,8.89E-13,,
ENSOARG00000018528,TGM2,up_regulated,3.70144,1.23E-29,,
ENSOARG00000000904,-,up_regulated,3.6757,0,,
ENSOARG00000004993,B3GALT2,up_regulated,3.67482,2.29E-30,,
ENSOARG00000019099,-,up_regulated,3.67423,0,,
ENSOARG00000007304,HES4,up_regulated,3.63555,1.15E-11,,
ENSOARG00000008610,-,up_regulated,3.63322,2.09E-24,,
ENSOARG00000011335,ESRRG,up_regulated,3.60497,2.83E-28,,
ENSOARG00000004964,CCL5,up_regulated,3.58545,1.36E-07,,
ENSOARG00000012500,ZNFX1,up_regulated,3.57262,0,,
ENSOARG00000018657,APOL6,up_regulated,3.54267,2.88E-10,,
ENSOARG00000018383,DHX58,up_regulated,3.53217,0,,
ENSOARG00000021075,-,up_regulated,3.52089,3.05E-08,,
ENSOARG00000008232,GUCY1A3,up_regulated,3.44277,7.50E-06,,
ENSOARG00000000585,NPTX1,up_regulated,3.36368,4.11E-14,,
ENSOARG00000018860,KLHL30,up_regulated,3.36252,1.48E-08,,
ENSOARG00000014804,C19orf66,up_regulated,3.32364,0,,
ENSOARG00000009199,RBM43,up_regulated,3.31113,0,,
ENSOARG00000003341,IFI6,up_regulated,3.30122,0,,
ENSOARG00000010089,TMEM55A,up_regulated,3.21678,0,,
ENSOARG00000020092,-,up_regulated,3.20689,4.09E-21,,
ENSOARG00000020961,MARCKSL1,up_regulated,3.19934,3.89E-24,,
ENSOARG00000006911,-,up_regulated,3.17845,1.39E-12,,
ENSOARG00000002035,WARS,up_regulated,3.16944,0,,
ENSOARG00000020714,PTGDR,up_regulated,3.15949,3.97E-04,,
ENSOARG00000007622,PSMB8,up_regulated,3.15275,3.56E-41,,
ENSOARG00000023429,SNORA70,up_regulated,3.1329,3.75E-12,,
ENSOARG00000007011,TRIM25,up_regulated,3.12978,0,,
ENSOARG00000008115,-,up_regulated,3.12915,0,,
ENSOARG00000010064,KISS1R,up_regulated,3.12083,4.17E-11,,
ENSOARG00000001806,THEM6,up_regulated,3.08648,1.97E-08,,
ENSOARG00000008856,FBXO33,up_regulated,3.05141,0,,
ENSOARG00000012296,PLEKHA4,up_regulated,3.0375,0,,
ENSOARG00000016104,PDE1B,up_regulated,3.01514,4.14E-19,,
ENSOARG00000014007,JADE2,up_regulated,3.01306,0,,
ENSOARG00000014926,ADGRD1,up_regulated,3.01198,1.46E-07,,
ENSOARG00000012485,VWCE,up_regulated,3.00276,1.63E-14,,
ENSOARG00000014248,LAYN,up_regulated,2.94605,5.21E-38,,
ENSOARG00000000251,ADRA1D,up_regulated,2.93531,6.71E-12,,
ENSOARG00000019733,MOV10,up_regulated,2.92331,0,,
ENSOARG00000011167,CMTR2,up_regulated,2.91053,0,,
ENSOARG00000009646,-,up_regulated,2.86866,0.0229308,,
ENSOARG00000018978,RNASEL,up_regulated,2.84701,7.87E-40,,
ENSOARG00000004500,NAMPT,up_regulated,2.83258,0,,
ENSOARG00000015495,ZFPM2,up_regulated,2.82368,8.11E-35,,
ENSOARG00000007573,-,up_regulated,2.80165,0,,
ENSOARG00000012415,OGFR,up_regulated,2.77127,0,,
ENSOARG00000019813,C1orf109,up_regulated,2.77063,3.26E-42,,
ENSOARG00000002251,IDO1,up_regulated,2.76457,4.78E-10,,
ENSOARG00000006166,MLKL,up_regulated,2.75503,0,,
ENSOARG00000002164,PNPT1,up_regulated,2.73171,0,,
ENSCVR000000000000002,STAT1,up_regulated,2.72147,0,,
ENSOARG00000009154,STAT2,up_regulated,2.70967,0,,
ENSOARG00000007148,CDKN2AIP,up_regulated,2.70215,0,,
ENSOARG00000003243,PSMB10,up_regulated,2.69893,3.28E-35,,
ENSOARG00000009969,UBE2L6,up_regulated,2.69178,0,,
ENSOARG00000015581,PARP10,up_regulated,2.68278,0,,
ENSOARG00000009519,DAXX,up_regulated,2.67691,0,,
ENSOARG00000001519,TRIM38,up_regulated,2.67081,0,,
ENSOARG00000012852,CASP7,up_regulated,2.66183,0,,
ENSOARG00000005269,TMEM106A,up_regulated,2.63223,4.82E-37,,
ENSOARG00000010676,-,up_regulated,2.62073,1.46E-20,,
ENSOARG00000011287,TDRD7,up_regulated,2.60456,0,,
ENSOARG00000013779,SOX9,up_regulated,2.592,2.93E-16,,
ENSOARG00000016922,CASP8,up_regulated,2.58721,0,,
ENSOARG00000019146,TGM1,up_regulated,2.5871,1.97E-08,,
ENSOARG00000013910,AKAP7,up_regulated,2.58085,5.72E-13,,
ENSOARG00000008178,-,up_regulated,2.57519,0,,
ENSOARG00000015078,IRF1,up_regulated,2.54856,1.22E-29,,
ENSOARG00000011043,ZC3HAV1,up_regulated,2.54684,0,,
ENSOARG00000021072,THEM4,up_regulated,2.54201,2.43E-27,,
ENSOARG00000020971,DMXL2,up_regulated,2.53613,3.89E-24,,
ENSOARG00000018475,HMOX1,up_regulated,2.5358,1.54E-38,,
ENSOARG00000002585,MOB3C,up_regulated,2.49461,0,,
ENSOARG00000003068,-,up_regulated,2.47818,1.75E-39,,
ENSOARG00000002952,ADAR,up_regulated,2.46452,0,,
ENSOARG00000014815,IFIT5,up_regulated,2.3951,0,,
ENSOARG00000010093,TRAFD1,up_regulated,2.3809,5.82E-35,,
ENSOARG00000019015,TCF15,up_regulated,2.36052,3.42E-04,,
ENSOARG00000015605,TRIM26,up_regulated,2.3562,0,,
ENSOARG00000019957,GTF2E1,up_regulated,2.34905,0,,
ENSOARG00000016186,-,up_regulated,2.3316,9.39E-27,,
ENSOARG00000008211,-,up_regulated,2.31896,4.21E-27,,
ENSOARG00000018154,CNP,up_regulated,2.29686,5.77E-43,,
ENSCVR030,IFITM2,up_regulated,2.296500737,8.37E-17,,
ENSOARG00000013740,TMEM100,up_regulated,2.29574,2.53E-19,,
ENSOARG00000005336,RALGDS,up_regulated,2.29114,2.03E-33,,
ENSOARG00000004076,EPN3,up_regulated,2.28549,2.02E-08,,
ENSOARG00000009724,-,up_regulated,2.28123,6.99E-14,,
ENSOARG00000017205,TNFRSF1B,up_regulated,2.27041,1.05E-30,,
ENSOARG00000012526,SLC25A28,up_regulated,2.26913,0,,
ENSOARG00000011604,FAM111B,up_regulated,2.26266,1.06E-23,,
ENSOARG00000020888,BCL2L14,up_regulated,2.25897,0.00322267,,
ENSOARG00000013335,IRF3,up_regulated,2.25809,8.27E-29,,
ENSOARG00000012744,NRAP,up_regulated,2.23824,1.21E-09,,
ENSOARG00000011500,DYSF,up_regulated,2.2382,1.03E-05,,
ENSOARG00000017141,STRADB,up_regulated,2.22161,1.47E-30,,
ENSOARG00000011131,TRIM14,up_regulated,2.21977,0.00114629,,
ENSOARG00000019779,ARNTL2,up_regulated,2.21749,2.09E-14,,
ENSOARG00000010647,PTGIR,up_regulated,2.21628,9.56E-11,,
ENSOARG00000017662,-,up_regulated,2.2068,4.83E-24,,
ENSOARG00000007664,PIK3CD,up_regulated,2.19308,5.17E-06,,
ENSOARG00000016460,TOR3A,up_regulated,2.18279,0,,
ENSOARG00000014098,ATAD1,up_regulated,2.17272,0,,
ENSOARG00000015019,B3GNT3,up_regulated,2.16283,0.0468303,,
ENSOARG00000009194,ATP10A,up_regulated,2.15689,1.46E-22,,
ENSOARG00000009103,NMI,up_regulated,2.1044,1.46E-43,,
ENSOARG00000004443,XRN2,up_regulated,2.10307,0,,
ENSOARG00000002783,-,up_regulated,2.09966,1.05E-32,,
ENSOARG00000003408,-,up_regulated,2.09917,6.79E-20,,
ENSOARG00000015405,CAMK1D,up_regulated,2.09652,1.25E-14,,
ENSOARG00000019212,PSME2,up_regulated,2.07423,0,,
ENSOARG00000019063,CBLN3,up_regulated,2.06775,1.37E-27,,
ENSOARG00000015051,BCAS1,up_regulated,2.05373,1.13E-10,,
ENSOARG00000020963,LYSMD2,up_regulated,2.05127,7.20E-12,,
ENSOARG00000004077,BEND5,up_regulated,2.02761,1.44E-05,,
ENSOARG00000013621,GYPC,up_regulated,2.02706,6.85E-04,,
ENSOARG00000014369,SVIL,up_regulated,2.0191,7.07E-36,,
ENSOARG00000019986,GPR63,up_regulated,2.01528,5.96E-15,,
ENSOARG00000013883,ARID5A,up_regulated,2.01212,1.19E-09,,
ENSOARG00000011053,-,up_regulated,2.01209,1.87E-06,,
ENSOARG00000017161,BMPR1B,up_regulated,2.00825,3.03E-24,,
ENSOARG00000011959,ZNF710,up_regulated,2.00455,4.83E-29,,
ENSOARG00000010098,CDC40,up_regulated,1.97597,4.18E-35,,
ENSOARG00000001659,WDFY4,up_regulated,1.97542,6.44E-09,,
ENSOARG00000017761,VCPIP1,up_regulated,1.96838,0,,
ENSOARG00000004206,NOSTRIN,up_regulated,1.96769,2.72E-08,,
ENSOARG00000014951,PLAG1,up_regulated,1.95228,2.69E-09,,
ENSOARG00000007045,TAF4B,up_regulated,1.94857,2.00E-19,,
ENSOARG00000012336,TLE4,up_regulated,1.94463,3.44E-31,,
ENSOARG00000013619,DKK1,up_regulated,1.93605,1.57E-06,,
ENSOARG00000007092,RGCC,up_regulated,1.92631,1.50E-07,,
ENSOARG00000016798,SAT1,up_regulated,1.92562,7.86E-27,,
ENSOARG00000020072,FSIP1,up_regulated,1.92418,6.65E-07,,
ENSOARG00000008439,CDADC1,up_regulated,1.91933,1.21E-37,,
ENSOARG00000003579,-,up_regulated,1.91857,5.64E-06,,
ENSOARG00000013642,PDE12,up_regulated,1.909,1.66E-37,,
ENSOARG00000000120,-,up_regulated,1.9078,6.15E-14,,
ENSOARG00000019192,PLCXD2,up_regulated,1.89639,2.67E-10,,
ENSOARG00000009868,-,up_regulated,1.89303,6.68E-38,,
ENSOARG00000017926,ERAP2,up_regulated,1.89126,8.38E-27,,
ENSOARG00000024331,SNORD12,up_regulated,1.88182,9.90E-08,,
ENSOARG00000011009,-,up_regulated,1.87171,1.58E-15,,
ENSOARG00000018902,ESPNL,up_regulated,1.86942,2.87E-17,,
ENSOARG00000006315,SETX,up_regulated,1.86527,8.96E-22,,
ENSOARG00000001395,TINAGL1,up_regulated,1.85829,1.67E-20,,
ENSOARG00000009583,-,up_regulated,1.85491,0,,
ENSOARG00000020458,EHD4,up_regulated,1.85402,1.21E-28,,
ENSOARG00000013252,CUL4B,up_regulated,1.85202,1.61E-21,,
ENSOARG00000020667,-,up_regulated,1.8519,1.51E-09,,
ENSOARG00000006775,MEI4,up_regulated,1.8507,1.95E-07,,
ENSOARG00000016957,N4BP1,up_regulated,1.83615,2.66E-27,,
ENSOARG00000003788,MUC1,up_regulated,1.83415,2.54E-08,,
ENSOARG00000015776,C21orf91,up_regulated,1.82542,9.07E-25,,
ENSOARG00000013152,RNF114,up_regulated,1.82239,8.79E-37,,
ENSOARG00000014751,STARD8,up_regulated,1.8205,1.55E-07,,
ENSOARG00000017342,-,up_regulated,1.81548,4.03E-35,,
ENSOARG00000008133,HTR2A,up_regulated,1.81174,2.00E-15,,
ENSOARG00000005238,ENO2,up_regulated,1.8034,3.60E-17,,
ENSOARG00000009038,C14orf28,up_regulated,1.80099,5.53E-15,,
ENSOARG00000022705,SNORD12,up_regulated,1.7867,1.64E-07,,
ENSOARG00000001191,TMEM140,up_regulated,1.77419,1.61E-04,,
ENSOARG00000018928,NAPEPLD,up_regulated,1.77027,1.44E-11,,
ENSOARG00000012021,IL6,up_regulated,1.76849,5.65E-22,,
ENSOARG00000020867,CGNL1,up_regulated,1.76587,6.76E-05,,
ENSOARG00000001060,KDR,up_regulated,1.76545,2.15E-05,,
ENSOARG00000008545,FGF10,up_regulated,1.76155,7.45E-08,,
ENSOARG00000013856,-,up_regulated,1.75654,1.16E-25,,
ENSOARG00000002871,ATL3,up_regulated,1.75416,1.47E-41,,
ENSOARG00000020391,AP1S3,up_regulated,1.75232,1.66E-19,,
ENSOARG00000015467,DRAM1,up_regulated,1.73814,1.94E-11,,
ENSOARG00000019201,IRF9,up_regulated,1.73389,8.31E-34,,
ENSOARG00000009395,-,up_regulated,1.73314,7.57E-17,,
ENSOARG00000002297,CHST1,up_regulated,1.73314,5.41E-17,,
ENSOARG00000010664,MID1,up_regulated,1.73204,2.40E-09,,
ENSOARG00000012754,ATXN3,up_regulated,1.73166,5.80E-18,,
ENSOARG00000003763,AGO2,up_regulated,1.72972,2.59E-33,,
ENSOARG00000012882,CACNB2,up_regulated,1.71891,0.0177644,,
ENSOARG00000016133,NCKAP1L,up_regulated,1.70696,0.0194745,,
ENSOARG00000005732,C3orf58,up_regulated,1.70458,7.48E-11,,
ENSOARG00000001748,RASD1,up_regulated,1.70407,0.0237511,,
ENSOARG00000014979,GTF2B,up_regulated,1.7034,1.23E-29,,
ENSOARG00000009537,DUSP5,up_regulated,1.70151,5.34E-05,,
ENSOARG00000001513,SLC26A11,up_regulated,1.69927,3.33E-05,,
ENSOARG00000020996,ATP8B4,up_regulated,1.69698,2.92E-15,,
ENSOARG00000018940,SCLY,up_regulated,1.6886,3.38E-19,,
ENSOARG00000014299,LHX6,up_regulated,1.68532,5.37E-05,,
ENSOARG00000010223,NFE2L3,up_regulated,1.68342,7.89E-08,,
ENSOARG00000015905,EIF4E,up_regulated,1.68132,4.89E-08,,
ENSOARG00000015650,DPYS,up_regulated,1.66935,1.74E-05,,
ENSOARG00000015270,TRIM56,up_regulated,1.6658,3.98E-29,,
ENSOARG00000008057,TLR3,up_regulated,1.66412,9.85E-25,,
ENSOARG00000013922,TAF3,up_regulated,1.65922,2.12E-30,,
ENSOARG00000010882,SLC37A1,up_regulated,1.65714,3.47E-05,,
ENSOARG00000006730,PI15,up_regulated,1.65486,1.12E-07,,
ENSOARG00000017994,LNPEP,up_regulated,1.6544,2.33E-25,,
ENSOARG00000005984,C9orf91,up_regulated,1.65279,1.27E-11,,
ENSOARG00000008438,GM2A,up_regulated,1.64874,7.98E-38,,
ENSOARG00000012768,IL15RA,up_regulated,1.6448,7.68E-09,,
ENSOARG00000014385,ABCA6,up_regulated,1.64233,0.0105294,,
ENSOARG00000001357,-,up_regulated,1.63995,3.16E-08,,
ENSOARG00000009659,EPHX2,up_regulated,1.63927,8.50E-12,,
ENSOARG00000006946,AKAP2,up_regulated,1.63693,5.66E-31,,
ENSOARG00000013204,ADAMTS3,up_regulated,1.63054,6.59E-12,,
ENSOARG00000020378,HIVEP3,up_regulated,1.62982,1.52E-06,,
ENSOARG00000020264,RMDN3,up_regulated,1.62441,1.09E-20,,
ENSOARG00000014674,SCD,up_regulated,1.62175,6.87E-23,,
ENSOARG00000005735,-,up_regulated,1.61598,4.47E-10,,
ENSOARG00000018916,MYH15,up_regulated,1.61486,6.64E-06,,
ENSOARG00000005523,-,up_regulated,1.60581,7.04E-05,,
ENSOARG00000018343,MT1X,up_regulated,1.60467,1.61E-06,,
ENSOARG00000000082,MARCH5,up_regulated,1.5996,8.17E-30,,
ENSOARG00000011869,AMACR,up_regulated,1.58131,2.61E-24,,
ENSOARG00000006125,-,up_regulated,1.57908,5.07E-09,,
ENSOARG00000017807,ERAP1,up_regulated,1.57545,3.67E-35,,
ENSOARG00000016671,CPEB3,up_regulated,1.57487,1.99E-05,,
ENSOARG00000019513,GRAMD1C,up_regulated,1.57234,2.90E-07,,
ENSOARG00000019377,C3orf17,up_regulated,1.56786,3.73E-14,,
ENSOARG00000020448,SPTBN5,up_regulated,1.56669,1.08E-07,,
ENSOARG00000011360,SERTAD1,up_regulated,1.56041,3.63E-20,,
ENSOARG00000007001,-,up_regulated,1.55919,1.50E-19,,
ENSOARG00000014137,MAT2B,up_regulated,1.55818,8.67E-24,,
ENSOARG00000020080,-,up_regulated,1.55716,0.00214194,,
ENSOARG00000000654,MAD2L2,up_regulated,1.55379,1.86E-20,,
ENSOARG00000020788,RAB8B,up_regulated,1.55209,8.23E-15,,
ENSOARG00000005922,PPA1,up_regulated,1.54609,5.29E-18,,
ENSOARG00000008995,DNAJC13,up_regulated,1.54382,1.23E-17,,
ENSOARG00000017647,-,up_regulated,1.54337,1.58E-19,,
ENSOARG00000012032,MAMSTR,up_regulated,1.54327,1.84E-07,,
ENSOARG00000009627,CCL2,up_regulated,1.54274,9.25E-14,,
ENSOARG00000008253,TAPBPL,up_regulated,1.53866,4.12E-27,,
ENSOARG00000010139,WASF1,up_regulated,1.53508,1.82E-04,,
ENSOARG00000018871,CD47,up_regulated,1.52593,8.43E-33,,
ENSOARG00000002708,-,up_regulated,1.52509,6.71E-08,,
ENSOARG00000017411,CSRNP2,up_regulated,1.51928,1.76E-26,,
ENSOARG00000016113,SLC12A7,up_regulated,1.51375,2.25E-06,,
ENSOARG00000009303,OTUD4,up_regulated,1.51271,6.69E-30,,
ENSOARG00000009599,ALDH1A3,up_regulated,1.50652,1.17E-04,,
ENSOARG00000001151,TMEM150C,up_regulated,1.50214,1.92E-07,,
ENSOARG00000015954,SPATS2L,up_regulated,1.49985,1.44E-21,,
ENSOARG00000020416,ATP13A3,up_regulated,1.49825,2.67E-34,,
ENSOARG00000015030,RIC3,up_regulated,1.49561,1.54E-04,,
ENSOARG00000009552,-,up_regulated,1.4836,3.03E-08,,
ENSOARG00000001374,HCRTR1,up_regulated,1.48085,0.0117823,,
ENSOARG00000000229,-,up_regulated,1.47976,0.00272045,,
ENSOARG00000016716,MGAT1,up_regulated,1.47961,2.28E-28,,
ENSOARG00000001464,CXorf38,up_regulated,1.47956,1.95E-15,,
ENSOARG00000007039,-,up_regulated,1.47579,1.22E-19,,
ENSOARG00000010070,-,up_regulated,1.4702,1.81E-05,,
ENSOARG00000018938,FAM110A,up_regulated,1.47002,4.89E-08,,
ENSOARG00000019194,REC8,up_regulated,1.45588,1.30E-05,,
ENSOARG00000015864,SOCS2,up_regulated,1.45494,1.24E-11,,
ENSOARG00000013446,SFMBT2,up_regulated,1.45278,7.67E-04,,
ENSOARG00000014170,NABP1,up_regulated,1.44655,7.68E-09,,
ENSOARG00000001536,ADAT2,up_regulated,1.44514,4.12E-08,,
ENSOARG00000012621,SLCO4A1,up_regulated,1.43979,0.00377924,,
ENSOARG00000006130,-,up_regulated,1.43545,1.27E-16,,
ENSOARG00000020319,GDAP2,up_regulated,1.43525,4.99E-17,,
ENSOARG00000009845,OSMR,up_regulated,1.43454,2.09E-09,,
ENSOARG00000012624,C2orf81,up_regulated,1.43089,9.02E-05,,
ENSOARG00000016941,-,up_regulated,1.42648,1.08E-15,,
ENSOARG00000006801,TSKU,up_regulated,1.42416,2.33E-08,,
ENSOARG00000020536,VAMP5,up_regulated,1.42279,9.85E-12,,
ENSOARG00000003966,NOTCH3,up_regulated,1.42003,1.25E-04,,
ENSOARG00000006078,COL27A1,up_regulated,1.41949,1.30E-09,,
ENSOARG00000010933,RHBDL3,up_regulated,1.41245,2.27E-06,,
ENSOARG00000001701,-,up_regulated,1.41,5.93E-12,,
ENSOARG00000007443,IRF2,up_regulated,1.40972,5.88E-13,,
ENSOARG00000007232,EXO1,up_regulated,1.4063,5.59E-09,,
ENSOARG00000009376,-,up_regulated,1.4062,4.88E-17,,
ENSOARG00000008369,CD40,up_regulated,1.40163,4.14E-10,,
ENSOARG00000001181,-,up_regulated,1.39895,7.80E-07,,
ENSOARG00000011371,ATXN7,up_regulated,1.39841,1.10E-18,,
ENSOARG00000013140,FLT3LG,up_regulated,1.38876,4.38E-12,,
ENSOARG00000004469,TAGAP,up_regulated,1.3887,0.00897426,,
ENSOARG00000016069,OLFML1,up_regulated,1.38645,1.56E-04,,
ENSOARG00000008824,ELMO2,up_regulated,1.38485,2.10E-21,,
ENSOARG00000001786,STX11,up_regulated,1.38092,1.00E-10,,
ENSOARG00000017355,SMAGP,up_regulated,1.38083,2.97E-10,,
ENSOARG00000007921,MCIDAS,up_regulated,1.37703,6.04E-13,,
ENSOARG00000003162,-,up_regulated,1.37575,5.49E-17,,
ENSOARG00000001833,-,up_regulated,1.36888,1.51E-14,,
ENSOARG00000005821,PMAIP1,up_regulated,1.36814,5.82E-09,,
ENSOARG00000001994,GPR83,up_regulated,1.36579,0.00471143,,
ENSOARG00000020646,SP140,up_regulated,1.36466,5.03E-17,,
ENSCVR023,C2,up_regulated,1.362625222,4.95E-12,,
ENSOARG00000013556,APRT,up_regulated,1.35568,4.23E-18,,
ENSOARG00000015553,GRINA,up_regulated,1.35493,3.19E-19,,
ENSOARG00000008614,PHLDB3,up_regulated,1.35406,9.10E-05,,
ENSOARG00000004751,TMEM92,up_regulated,1.34922,3.64E-04,,
ENSOARG00000019572,QTRTD1,up_regulated,1.34863,3.03E-07,,
ENSOARG00000017138,C3orf38,up_regulated,1.34839,9.16E-17,,
ENSOARG00000009391,TAPBP,up_regulated,1.34643,2.02E-22,,
ENSOARG00000014203,CCRL2,up_regulated,1.34626,0.00235358,,
ENSOARG00000004007,LIPG,up_regulated,1.34444,6.45E-07,,
ENSOARG00000020174,XPO1,up_regulated,1.34408,3.90E-14,,
ENSOARG00000003860,-,up_regulated,1.3439,1.21E-05,,
ENSOARG00000006560,PCDH17,up_regulated,1.34251,7.89E-08,,
ENSOARG00000010224,POLD3,up_regulated,1.34068,2.65E-15,,
ENSOARG00000004844,MSC,up_regulated,1.33835,8.53E-10,,
ENSOARG00000009357,-,up_regulated,1.33491,2.98E-10,,
ENSOARG00000019064,-,up_regulated,1.33348,9.56E-17,,
ENSOARG00000004039,RGS17,up_regulated,1.33231,0.00143358,,
ENSOARG00000015262,SERPINE1,up_regulated,1.32969,1.38E-11,,
ENSOARG00000018290,NAT10,up_regulated,1.32598,1.89E-06,,
ENSOARG00000005120,SLC25A16,up_regulated,1.32475,1.45E-13,,
ENSOARG00000018814,PSMF1,up_regulated,1.32294,2.02E-20,,
ENSOARG00000002463,LXN,up_regulated,1.319,3.04E-07,,
ENSOARG00000017237,PRDM16,up_regulated,1.31815,5.74E-04,,
ENSOARG00000011615,FOXC2,up_regulated,1.31504,1.38E-04,,
ENSOARG00000001015,HSPA2,up_regulated,1.31208,1.40E-16,,
ENSOARG00000006197,RGS3,up_regulated,1.30716,4.41E-18,,
ENSOARG00000020861,CTSS,up_regulated,1.30432,1.46E-14,,
ENSOARG00000007856,-,up_regulated,1.30173,1.75E-08,,
ENSOARG00000019102,ADCY4,up_regulated,1.29346,0.00330065,,
ENSOARG00000011783,-,up_regulated,1.29207,3.48E-06,,
ENSOARG00000011792,ACSL5,up_regulated,1.28879,1.60E-20,,
ENSOARG00000008700,ASB13,up_regulated,1.28731,4.69E-05,,
ENSOARG00000007199,FAM46A,up_regulated,1.286,3.43E-08,,
ENSOARG00000015347,KPNA2,up_regulated,1.28251,3.55E-17,,
ENSOARG00000013538,ORAI1,up_regulated,1.28169,2.11E-08,,
ENSOARG00000015654,ACKR4,up_regulated,1.28158,0.00579323,,
ENSOARG00000012766,UBE2J1,up_regulated,1.28143,2.26E-17,,
ENSOARG00000005289,COX7A1,up_regulated,1.27645,1.64E-07,,
ENSOARG00000010789,BTBD3,up_regulated,1.27599,1.05E-16,,
ENSOARG00000016040,HECTD2,up_regulated,1.27415,2.12E-05,,
ENSOARG00000004675,SCN9A,up_regulated,1.27266,0.00746826,,
ENSOARG00000013835,PHACTR1,up_regulated,1.26828,7.27E-05,,
ENSOARG00000019090,RIPK3,up_regulated,1.26764,6.10E-08,,
ENSOARG00000013051,-,up_regulated,1.26596,9.51E-20,,
ENSOARG00000013671,GADD45B,up_regulated,1.26541,1.87E-18,,
ENSOARG00000003804,SEMA7A,up_regulated,1.2546,0.0107756,,
ENSOARG00000016886,CHST11,up_regulated,1.2514,0.00517596,,
ENSOARG00000015592,KITLG,up_regulated,1.25039,3.96E-04,,
ENSOARG00000019047,PRR5L,up_regulated,1.24704,5.02E-09,,
ENSOARG00000000175,SOCS3,up_regulated,1.24701,0.0025853,,
ENSOARG00000011742,HIPK2,up_regulated,1.24274,7.01E-12,,
ENSOARG00000001314,ZNF628,up_regulated,1.23855,2.44E-08,,
ENSOARG00000015656,ICAM-1,up_regulated,1.23745,2.54E-07,,
ENSOARG00000020987,RFX5,up_regulated,1.23712,1.26E-10,,
ENSOARG00000001544,RIPK1,up_regulated,1.2365,1.38E-20,,
ENSOARG00000009348,-,up_regulated,1.23496,7.65E-09,,
ENSOARG00000018887,ANKFY1,up_regulated,1.23434,1.60E-20,,
ENSOARG00000007786,GADD45G,up_regulated,1.23031,1.10E-09,,
ENSOARG00000015400,WNT5A,up_regulated,1.22719,6.73E-09,,
ENSOARG00000008531,-,up_regulated,1.22519,1.55E-14,,
ENSOARG00000011422,SCUBE3,up_regulated,1.22114,2.52E-04,,
ENSOARG00000003635,FBXW11,up_regulated,1.21778,9.65E-15,,
ENSOARG00000013317,TBX18,up_regulated,1.21609,9.83E-18,,
ENSOARG00000009072,RNF139,up_regulated,1.21427,1.58E-21,,
ENSOARG00000015786,ICAM5,up_regulated,1.21238,0.00616701,,
ENSOARG00000008448,CAB39L,up_regulated,1.21232,8.75E-10,,
ENSOARG00000018392,DESI1,up_regulated,1.21167,1.01E-15,,
ENSOARG00000002971,PHACTR4,up_regulated,1.20972,4.45E-08,,
ENSOARG00000020253,LMLN,up_regulated,1.20756,6.33E-05,,
ENSOARG00000008752,VWF,up_regulated,1.20309,0.0159445,,
ENSOARG00000022544,snoU2-30,up_regulated,1.20179,0.0253215,,
ENSOARG00000007620,-,up_regulated,1.19792,2.89E-14,,
ENSOARG00000015534,ATP6AP1L,up_regulated,1.1965,1.56E-07,,
ENSOARG00000018727,-,up_regulated,1.196,5.96E-14,,
ENSOARG00000006395,SLC31A2,up_regulated,1.18964,6.31E-05,,
ENSOARG00000004940,FOXG1,up_regulated,1.18376,0.00196041,,
ENSOARG00000015877,GTPBP1,up_regulated,1.18319,6.06E-20,,
ENSOARG00000006007,NGFR,up_regulated,1.18181,0.045185,,
ENSOARG00000009378,PDZRN3,up_regulated,1.17803,1.24E-15,,
ENSOARG00000005867,-,up_regulated,1.17588,1.24E-06,,
ENSOARG00000005872,ASXL3,up_regulated,1.16826,0.045034,,
ENSOARG00000007524,PLEKHN1,up_regulated,1.16741,2.32E-08,,
ENSOARG00000002144,LDLRAD4,up_regulated,1.16687,1.14E-07,,
ENSOARG00000018410,RTN4R,up_regulated,1.16084,2.65E-05,,
ENSOARG00000025483,-,up_regulated,1.1599,8.22E-06,,
ENSOARG00000007452,HSPA1B,up_regulated,1.15975,0.0408117,,
ENSOARG00000017434,CMYA5,up_regulated,1.1554,1.75E-13,,
ENSOARG00000003875,FAM46B,up_regulated,1.15347,0.00197321,,
ENSOARG00000013245,DMRT2,up_regulated,1.15263,4.21E-05,,
ENSOARG00000000778,MET,up_regulated,1.15194,9.00E-10,,
ENSOARG00000002875,-,up_regulated,1.15054,2.65E-07,,
ENSOARG00000019203,PSMA5,up_regulated,1.14989,2.69E-16,,
ENSOARG00000015002,-,up_regulated,1.14632,1.03E-07,,
ENSOARG00000009280,F11R,up_regulated,1.14575,2.40E-04,,
ENSOARG00000003636,FUNDC1,up_regulated,1.14364,1.35E-08,,
ENSOARG00000013544,RIC1,up_regulated,1.14336,8.12E-18,,
ENSOARG00000019207,-,up_regulated,1.14114,9.98E-19,,
ENSOARG00000019968,BHLHE41,up_regulated,1.1409,7.07E-11,,
ENSOARG00000006068,ZFP36,up_regulated,1.14029,9.66E-15,,
ENSOARG00000003421,LAP3,up_regulated,1.13728,5.89E-12,,
ENSOARG00000013952,MORC3,up_regulated,1.13327,6.25E-12,,
ENSOARG00000003484,IL18BP,up_regulated,1.1308,2.83E-04,,
ENSOARG00000026129,-,up_regulated,1.12775,5.66E-05,,
ENSOARG00000015547,SEC16B,up_regulated,1.12572,0.0479544,,
ENSOARG00000009399,ARHGAP30,up_regulated,1.12346,3.96E-04,,
ENSOARG00000005118,KCNK12,up_regulated,1.12268,0.0194955,,
ENSOARG00000008715,MTSS1,up_regulated,1.12021,8.57E-04,,
ENSOARG00000019372,VDR,up_regulated,1.11984,1.10E-14,,
ENSOARG00000004379,C1RL,up_regulated,1.11938,8.44E-09,,
ENSOARG00000019645,TMEM117,up_regulated,1.11771,1.24E-05,,
ENSOARG00000009363,GLRX2,up_regulated,1.11546,6.83E-14,,
ENSOARG00000013588,MED25,up_regulated,1.11535,6.54E-18,,
ENSOARG00000013309,IFNAR2,up_regulated,1.11023,1.98E-09,,
ENSOARG00000020548,ETV5,up_regulated,1.10426,5.01E-09,,
ENSOARG00000019106,RBCK1,up_regulated,1.10349,4.64E-16,,
ENSOARG00000004084,NUB1,up_regulated,1.10217,8.38E-14,,
ENSOARG00000014591,AZI2,up_regulated,1.10101,3.67E-16,,
ENSOARG00000004304,SYNJ2,up_regulated,1.1003,4.48E-12,,
ENSOARG00000016618,RAP1GAP2,up_regulated,1.09874,0.00106416,,
ENSOARG00000014685,SLC2A12,up_regulated,1.09836,0.00235358,,
ENSOARG00000020535,SNAP23,up_regulated,1.09512,3.75E-12,,
ENSOARG00000018429,ARHGEF5,up_regulated,1.09475,3.75E-06,,
ENSOARG00000014932,EBF3,up_regulated,1.094,1.47E-05,,
ENSOARG00000004205,MOK,up_regulated,1.09384,0.00244769,,
ENSOARG00000012413,IP6K1,up_regulated,1.09373,4.45E-16,,
ENSOARG00000007213,ZNF462,up_regulated,1.08589,9.01E-12,,
ENSOARG00000020409,MRPL44,up_regulated,1.08298,6.02E-07,,
ENSOARG00000005353,ELFN1,up_regulated,1.08192,0.0181519,,
ENSOARG00000013480,JAK2,up_regulated,1.08088,7.42E-17,,
ENSOARG00000008681,SPSB1,up_regulated,1.08038,6.23E-05,,
ENSOARG00000009427,-,up_regulated,1.07954,2.45E-13,,
ENSOARG00000016958,-,up_regulated,1.07789,3.13E-04,,
ENSOARG00000012673,RCAN1,up_regulated,1.0772,1.07E-11,,
ENSOARG00000014993,LMO1,up_regulated,1.07612,0.00196809,,
ENSOARG00000015960,KCTD12,up_regulated,1.07441,2.80E-07,,
ENSOARG00000021157,RAB15,up_regulated,1.07241,0.00501004,,
ENSOARG00000014948,SH3BP2,up_regulated,1.07217,1.16E-10,,
ENSOARG00000014904,PAPD7,up_regulated,1.07138,7.62E-13,,
ENSOARG00000003114,DENND3,up_regulated,1.06861,6.34E-10,,
ENSOARG00000000349,FUT10,up_regulated,1.06817,1.77E-09,,
ENSOARG00000011727,RAI14,up_regulated,1.06663,1.23E-17,,
ENSOARG00000016340,NBAS,up_regulated,1.06397,2.88E-15,,
ENSOARG00000019967,-,up_regulated,1.0638,0.0341767,,
ENSOARG00000009880,ZEB2,up_regulated,1.05832,1.03E-14,,
ENSOARG00000017734,TOR1AIP2,up_regulated,1.05264,9.84E-16,,
ENSOARG00000014069,-,up_regulated,1.05182,4.09E-09,,
ENSOARG00000005566,DLX3,up_regulated,1.0498,0.00395687,,
ENSOARG00000000832,MGAT2,up_regulated,1.04934,1.22E-06,,
ENSOARG00000008509,-,up_regulated,1.04873,4.36E-07,,
ENSOARG00000014587,UPF2,up_regulated,1.04814,1.52E-12,,
ENSOARG00000018966,BBS4,up_regulated,1.04398,6.58E-11,,
ENSOARG00000009561,-,up_regulated,1.04317,7.34E-04,,
ENSOARG00000013096,IL18R1,up_regulated,1.04073,0.00161749,,
ENSOARG00000017954,ACSL4,up_regulated,1.0403,2.06E-12,,
ENSOARG00000017763,MFN2,up_regulated,1.03956,4.15E-15,,
ENSOARG00000006851,LZIC,up_regulated,1.03754,1.89E-06,,
ENSOARG00000014957,PCDH9,up_regulated,1.03736,0.0164889,,
ENSOARG00000008612,IQCD,up_regulated,1.03707,2.16E-06,,
ENSOARG00000018853,TAF9B,up_regulated,1.03707,5.43E-10,,
ENSOARG00000001109,HMGN5,up_regulated,1.03648,0.00836831,,
ENSOARG00000010067,BAK1,up_regulated,1.03372,8.55E-09,,
ENSOARG00000006664,LITAF,up_regulated,1.0327,2.67E-07,,
ENSOARG00000012181,TLK2,up_regulated,1.02923,1.32E-12,,
ENSOARG00000011236,CD207,up_regulated,1.02886,1.28E-04,,
ENSOARG00000015628,DUSP6,up_regulated,1.02856,0.00313909,,
ENSOARG00000013945,BAG5,up_regulated,1.02613,2.18E-12,,
ENSOARG00000006624,ACSS1,up_regulated,1.02523,2.49E-11,,
ENSOARG00000001111,ID1,up_regulated,1.02459,0.00165582,,
ENSOARG00000013414,SYNJ1,up_regulated,1.0243,7.40E-10,,
ENSOARG00000001238,DMXL1,up_regulated,1.02242,8.24E-09,,
ENSOARG00000002888,SPDL1,up_regulated,1.02211,1.28E-08,,
ENSOARG00000006867,MYOM3,up_regulated,1.01804,0.0283343,,
ENSOARG00000016807,SAMHD1,up_regulated,1.01695,2.58E-13,,
ENSOARG00000004227,CCDC6,up_regulated,1.01667,5.95E-15,,
ENSOARG00000003782,B2M,up_regulated,1.01476,2.08E-15,,
ENSOARG00000013880,AIDA,up_regulated,1.01434,8.02E-11,,
ENSOARG00000009673,FMR1,up_regulated,1.01179,2.23E-07,,
ENSOARG00000003738,TXNL4B,up_regulated,1.0082,8.95E-06,,
ENSOARG00000014423,DAB2IP,up_regulated,1.00774,1.52E-06,,
ENSOARG00000015100,ANGPT1,up_regulated,1.00548,1.49E-05,,
ENSOARG00000021069,BMP4,up_regulated,1.00539,3.52E-07,,
ENSOARG00000011436,MGAT5,up_regulated,1.00421,1.97E-05,,
ENSOARG00000007903,EPHB2,up_regulated,1.00271,3.25E-13,,
ENSOARG00000019965,FMN1,up_regulated,1.00269,1.50E-04,,
ENSOARG00000007935,PLA2G4A,up_regulated,1.00248,2.81E-10,,
ENSOARG00000020569,EHHADH,up_regulated,1.00092,9.07E-05,,
ENSOARG00000001973,TP53I11,up_regulated,0.999524,3.96E-05,,
ENSOARG00000017417,RRS1,up_regulated,0.999406,2.54E-06,,
ENSOARG00000002269,IRF2BPL,up_regulated,0.997904,1.60E-11,,
ENSOARG00000011825,STXBP1,up_regulated,0.995367,3.60E-08,,
ENSOARG00000018590,MID2,up_regulated,0.995202,6.64E-06,,
ENSOARG00000005108,DLL1,up_regulated,0.993274,0.00350716,,
ENSOARG00000009943,CD3EAP,up_regulated,0.990418,1.48E-05,,
ENSOARG00000005859,SLC25A22,up_regulated,0.988527,0.00441549,,
ENSOARG00000020471,SLC2A1,up_regulated,0.987802,7.23E-05,,
ENSOARG00000011197,RIPK2,up_regulated,0.985937,6.04E-13,,
ENSOARG00000006261,LRP8,up_regulated,0.985339,2.05E-06,,
ENSOARG00000009042,-,up_regulated,0.98466,9.47E-08,,
ENSOARG00000008556,RCBTB1,up_regulated,0.984643,2.52E-09,,
ENSOARG00000013580,CNGA3,up_regulated,0.981241,5.64E-05,,
ENSOARG00000010118,VWA5A,up_regulated,0.980785,7.00E-14,,
ENSOARG00000005330,PGS1,up_regulated,0.980182,8.66E-12,,
ENSOARG00000013174,SNAI1,up_regulated,0.977863,1.13E-06,,
ENSOARG00000010493,ATF3,up_regulated,0.975572,3.08E-07,,
ENSOARG00000011254,NDUFAF5,up_regulated,0.975281,4.56E-06,,
ENSOARG00000015121,CMTM6,up_regulated,0.974309,7.79E-12,,
ENSOARG00000004883,OBFC1,up_regulated,0.969867,0.00140319,,
ENSOARG00000009262,CARD6,up_regulated,0.969682,1.42E-08,,
ENSOARG00000018534,-,up_regulated,0.967371,2.48E-09,,
ENSOARG00000003809,SMAD7,up_regulated,0.965477,5.20E-11,,
ENSOARG00000020161,DNPEP,up_regulated,0.964924,4.03E-10,,
ENSOARG00000002569,-,up_regulated,0.964737,0.0180444,,
ENSOARG00000007605,FNBP4,up_regulated,0.963842,7.70E-09,,
ENSOARG00000011578,TICRR,up_regulated,0.96366,1.34E-07,,
ENSOARG00000009520,BAG1,up_regulated,0.963066,1.14E-12,,
ENSOARG00000009388,THSD1,up_regulated,0.962826,4.45E-08,,
ENSOARG00000006025,SLC26A4,up_regulated,0.962123,0.00472077,,
ENSOARG00000019141,PREB,up_regulated,0.961194,5.57E-09,,
ENSOARG00000016290,APOBEC3H,up_regulated,0.960284,4.55E-05,,
ENSOARG00000005709,COBLL1,up_regulated,0.958936,6.69E-09,,
ENSOARG00000004783,CMKLR1,up_regulated,0.958694,4.56E-06,,
ENSOARG00000005511,WISP1,up_regulated,0.957687,6.48E-04,,
ENSOARG00000004309,STOML1,up_regulated,0.956942,1.14E-04,,
ENSOARG00000005448,EFNB2,up_regulated,0.955553,0.00964305,,
ENSOARG00000013213,DUSP10,up_regulated,0.955551,4.42E-12,,
ENSOARG00000001329,-,up_regulated,0.953786,0.042148,,
ENSOARG00000002180,PIK3R3,up_regulated,0.952556,0.0173581,,
ENSOARG00000016789,NIPAL1,up_regulated,0.951683,0.0172534,,
ENSOARG00000004413,IFI35,up_regulated,0.949956,2.76E-09,,
ENSOARG00000011396,THOC7,up_regulated,0.948637,3.84E-08,,
ENSOARG00000012715,PTGIS,up_regulated,0.948205,1.11E-04,,
ENSOARG00000009682,RICTOR,up_regulated,0.947236,1.96E-08,,
ENSOARG00000007513,SYNPO,up_regulated,0.94663,1.14E-06,,
ENSOARG00000013295,SDK2,up_regulated,0.946517,0.00428644,,
ENSOARG00000001785,TM2D2,up_regulated,0.944022,1.09E-09,,
ENSOARG00000020622,EPS8,up_regulated,0.943278,1.73E-09,,
ENSOARG00000020655,B3GNT5,up_regulated,0.943245,5.13E-04,,
ENSOARG00000017814,ARL5B,up_regulated,0.941751,0.00959738,,
ENSOARG00000002384,-,up_regulated,0.940708,7.11E-04,,
ENSOARG00000016099,MEF2C,up_regulated,0.938684,1.80E-04,,
ENSOARG00000015814,METAP1,up_regulated,0.938252,8.94E-11,,
ENSOARG00000010801,PRICKLE3,up_regulated,0.937701,5.11E-06,,
ENSOARG00000010890,PDPN,up_regulated,0.937516,6.88E-13,,
ENSOARG00000006373,CLEC16A,up_regulated,0.936213,8.35E-09,,
ENSOARG00000019953,HTR1B,up_regulated,0.935455,3.75E-10,,
ENSOARG00000016586,-,up_regulated,0.935128,7.77E-07,,
ENSOARG00000013426,TAF1A,up_regulated,0.931842,2.50E-08,,
ENSOARG00000003245,INA,up_regulated,0.931221,0.00713287,,
ENSOARG00000010808,TEAD4,up_regulated,0.926857,3.05E-11,,
ENSOARG00000009886,-,up_regulated,0.92683,0.00372921,,
ENSOARG00000015957,SEMA4G,up_regulated,0.926243,1.47E-04,,
ENSOARG00000008212,ITGA2,up_regulated,0.925999,2.09E-04,,
ENSOARG00000003723,DHX38,up_regulated,0.921888,1.04E-11,,
ENSOARG00000021043,SPATA5L1,up_regulated,0.918749,1.36E-05,,
ENSOARG00000020394,ACAP2,up_regulated,0.91851,1.25E-05,,
ENSOARG00000014752,TOPORS,up_regulated,0.918022,1.13E-10,,
ENSOARG00000009927,-,up_regulated,0.916064,2.55E-05,,
ENSOARG00000006889,-,up_regulated,0.914629,0.0108293,,
ENSOARG00000009727,-,up_regulated,0.912232,0.00378842,,
ENSOARG00000004800,EEPD1,up_regulated,0.910542,0.00574857,,
ENSOARG00000011149,AIM1,up_regulated,0.906336,4.19E-11,,
ENSOARG00000001497,TES,up_regulated,0.905806,2.59E-07,,
ENSOARG00000006705,CALCOCO2,up_regulated,0.905729,4.02E-09,,
ENSOARG00000000617,-,up_regulated,0.905509,0.0052476,,
ENSOARG00000010572,-,up_regulated,0.905217,0.00673013,,
ENSOARG00000020962,TMOD2,up_regulated,0.905082,0.00805264,,
ENSOARG00000011003,-,up_regulated,0.904606,0.029083,,
ENSOARG00000002593,SPTLC2,up_regulated,0.904572,1.68E-12,,
ENSOARG00000009941,PARS2,up_regulated,0.904082,3.24E-04,,
ENSOARG00000005660,-,up_regulated,0.901778,4.00E-04,,
ENSOARG00000008813,NPHP3,up_regulated,0.901448,8.15E-06,,
ENSOARG00000019619,ZBTB20,up_regulated,0.899642,4.07E-04,,
ENSOARG00000016854,CREM,up_regulated,0.897021,1.67E-05,,
ENSOARG00000020881,HPCA,up_regulated,0.895603,0.0264147,,
ENSOARG00000019467,DRAM2,up_regulated,0.89493,1.52E-07,,
ENSOARG00000000899,MECOM,up_regulated,0.893765,2.73E-04,,
ENSOARG00000016367,RASSF1,up_regulated,0.892195,1.15E-11,,
ENSOARG00000017012,GCLM,up_regulated,0.891749,1.27E-08,,
ENSOARG00000014488,ERG,up_regulated,0.883915,4.64E-05,,
ENSOARG00000012946,IPMK,up_regulated,0.882566,0.00149367,,
ENSOARG00000009999,JUN,up_regulated,0.882563,1.13E-07,,
ENSOARG00000019902,PLEK,up_regulated,0.882546,3.84E-06,,
ENSOARG00000005607,MMP27,up_regulated,0.879954,1.36E-05,,
ENSOARG00000000916,TNFAIP8L3,up_regulated,0.879181,0.00204986,,
ENSOARG00000017150,LHFPL2,up_regulated,0.876585,2.03E-05,,
ENSOARG00000020279,AHSA2,up_regulated,0.876577,3.75E-06,,
ENSOARG00000009453,ZER1,up_regulated,0.87589,1.31E-04,,
ENSOARG00000006813,VEGFC,up_regulated,0.875615,3.58E-05,,
ENSOARG00000008475,GABRE,up_regulated,0.874969,5.96E-04,,
ENSOARG00000011377,-,up_regulated,0.873576,0.0011286,,
ENSOARG00000009653,RGS2,up_regulated,0.873357,0.0128156,,
ENSOARG00000006123,GPATCH4,up_regulated,0.873291,0.00552081,,
ENSOARG00000011641,-,up_regulated,0.872407,5.75E-05,,
ENSOARG00000015286,SEMA3A,up_regulated,0.872242,3.52E-07,,
ENSOARG00000017641,BMPR2,up_regulated,0.871786,3.62E-11,,
ENSOARG00000010732,ITPRIPL2,up_regulated,0.871308,1.91E-07,,
ENSOARG00000019939,RABL3,up_regulated,0.871128,2.72E-06,,
ENSOARG00000014722,UTP20,up_regulated,0.870725,1.15E-04,,
ENSOARG00000019219,PSME1,up_regulated,0.870492,4.77E-11,,
ENSOARG00000006337,TMEM70,up_regulated,0.867158,3.68E-08,,
ENSOARG00000014331,SPECC1L,up_regulated,0.863979,6.50E-07,,
ENSOARG00000021109,PSMA3,up_regulated,0.863547,1.20E-09,,
ENSOARG00000012378,SLC4A4,up_regulated,0.862524,4.04E-05,,
ENSOARG00000019909,ITPR2,up_regulated,0.862451,5.40E-06,,
ENSOARG00000018199,TCAF2,up_regulated,0.86228,3.63E-07,,
ENSOARG00000006239,TMEM50A,up_regulated,0.861636,6.35E-07,,
ENSOARG00000002142,WDR25,up_regulated,0.86048,1.95E-05,,
ENSOARG00000011867,FAM101B,up_regulated,0.859709,1.31E-04,,
ENSOARG00000025783,-,up_regulated,0.857288,0.00770405,,
ENSOARG00000012777,SETD1B,up_regulated,0.857195,1.63E-07,,
ENSOARG00000007615,-,up_regulated,0.856992,1.00E-03,,
ENSOARG00000017424,-,up_regulated,0.856798,8.35E-09,,
ENSOARG00000008971,KIF27,up_regulated,0.85599,2.37E-04,,
ENSOARG00000019158,NRSN2,up_regulated,0.854442,0.0442363,,
ENSOARG00000001555,NFATC2IP,up_regulated,0.851883,6.76E-08,,
ENSOARG00000006163,BBS9,up_regulated,0.850815,0.00307025,,
ENSOARG00000003029,BAG3,up_regulated,0.85079,1.03E-08,,
ENSOARG00000014681,C22orf23,up_regulated,0.850574,0.00296139,,
ENSOARG00000007731,RSPO3,up_regulated,0.850156,3.57E-04,,
ENSOARG00000012366,MFSD12,up_regulated,0.848656,8.74E-06,,
ENSOARG00000014059,BNC2,up_regulated,0.84837,1.51E-04,,
ENSOARG00000004806,SLC35E4,up_regulated,0.848004,0.0104567,,
ENSOARG00000022455,ZNFX1-AS1_1,up_regulated,0.847678,0.0110102,,
ENSOARG00000017330,MRPL32,up_regulated,0.847668,7.06E-05,,
ENSOARG00000019742,MXD1,up_regulated,0.845961,5.99E-04,,
ENSOARG00000000747,TNFRSF12A,up_regulated,0.845886,0.00746826,,
ENSOARG00000020873,RNF19B,up_regulated,0.845037,1.39E-06,,
ENSOARG00000013799,SLC25A40,up_regulated,0.843025,8.31E-05,,
ENSOARG00000019536,SERTAD2,up_regulated,0.840738,5.76E-05,,
ENSOARG00000018170,ABCB7,up_regulated,0.839183,8.14E-08,,
ENSOARG00000009854,EXT1,up_regulated,0.838303,6.05E-05,,
ENSOARG00000018669,RBFOX2,up_regulated,0.837466,3.58E-08,,
ENSOARG00000017159,KIAA1033,up_regulated,0.833037,1.59E-09,,
ENSOARG00000015044,TLR2,up_regulated,0.832163,1.20E-04,,
ENSOARG00000013412,DENND6A,up_regulated,0.830352,0.00153933,,
ENSOARG00000004285,CERS6,up_regulated,0.828151,2.66E-04,,
ENSOARG00000003602,-,up_regulated,0.825155,2.81E-06,,
ENSOARG00000016880,OSR1,up_regulated,0.824834,1.82E-06,,
ENSOARG00000015562,S1PR2,up_regulated,0.824538,1.96E-05,,
ENSOARG00000016027,USP25,up_regulated,0.824295,8.28E-07,,
ENSOARG00000007779,MANF,up_regulated,0.823851,6.86E-04,,
ENSOARG00000008099,SAMD11,up_regulated,0.822943,0.043036,,
ENSOARG00000011204,GRIPAP1,up_regulated,0.8227,2.73E-08,,
ENSOARG00000014717,KIAA1462,up_regulated,0.821106,6.53E-08,,
ENSOARG00000003139,SIK3,up_regulated,0.82072,2.47E-05,,
ENSOARG00000011026,PDSS2,up_regulated,0.817907,0.0148316,,
ENSOARG00000017741,RBBP6,up_regulated,0.81681,0.00112795,,
ENSOARG00000020117,ETNK1,up_regulated,0.81576,1.28E-05,,
ENSOARG00000000517,ADGRG1,up_regulated,0.813602,0.00829709,,
ENSOARG00000000092,SHISA5,up_regulated,0.81286,1.23E-09,,
ENSOARG00000011532,TICAM2,up_regulated,0.809217,9.94E-07,,
ENSOARG00000007683,CXCL16,up_regulated,0.807351,1.07E-07,,
ENSOARG00000010258,PGAM5,up_regulated,0.805866,1.22E-05,,
ENSOARG00000018284,ARSJ,up_regulated,0.804628,1.12E-05,,
ENSOARG00000016505,CPT1A,up_regulated,0.802357,8.80E-09,,
ENSOARG00000005177,SLK,up_regulated,0.801187,4.72E-08,,
ENSOARG00000002556,-,up_regulated,0.800728,5.62E-09,,
ENSOARG00000014520,EXOSC9,up_regulated,0.799679,1.27E-07,,
ENSOARG00000013519,BID,up_regulated,0.798081,1.97E-08,,
ENSOARG00000012299,TLE1,up_regulated,0.796698,0.00254084,,
ENSOARG00000025177,TNFRSF1A,up_regulated,0.79667,2.51E-05,,
ENSOARG00000003510,-,up_regulated,0.795982,0.0355932,,
ENSOARG00000006322,LIF,up_regulated,0.795893,0.00534798,,
ENSOARG00000017560,FLRT2,up_regulated,0.795071,2.07E-06,,
ENSOARG00000025474,-,up_regulated,0.793237,2.70E-05,,
ENSOARG00000008191,MIPOL1,up_regulated,0.791982,8.03E-04,,
ENSOARG00000017771,CNOT6L,up_regulated,0.790406,4.00E-04,,
ENSOARG00000013375,C2CD2L,up_regulated,0.789374,1.05E-05,,
ENSOARG00000005082,NOA1,up_regulated,0.787029,5.76E-05,,
ENSOARG00000014581,TCIRG1,up_regulated,0.785691,2.80E-06,,
ENSOARG00000000142,HSPA8,up_regulated,0.785515,0.0059,,
ENSOARG00000001202,PLK3,up_regulated,0.784418,1.30E-04,,
ENSOARG00000002382,POMT2,up_regulated,0.784388,3.52E-07,,
ENSOARG00000013040,AMIGO3,up_regulated,0.7792,0.0436331,,
ENSOARG00000003359,TBK1,up_regulated,0.779071,4.48E-06,,
ENSOARG00000026689,-,up_regulated,0.77874,0.00458528,,
ENSOARG00000008243,NOD1,up_regulated,0.778094,0.00107003,,
ENSOARG00000002175,DNASE1,up_regulated,0.773898,0.0253215,,
ENSOARG00000001165,-,up_regulated,0.773826,0.00260822,,
ENSOARG00000012148,MANEA,up_regulated,0.773158,3.20E-05,,
ENSOARG00000000264,-,up_regulated,0.771897,3.02E-08,,
ENSOARG00000021076,SAMD4A,up_regulated,0.77077,5.02E-09,,
ENSOARG00000010971,TGFBR1,up_regulated,0.770262,3.68E-06,,
ENSOARG00000008867,PLAUR,up_regulated,0.77026,3.19E-04,,
ENSOARG00000001834,-,up_regulated,0.769968,0.0444355,,
ENSOARG00000020405,WDFY1,up_regulated,0.769814,6.57E-05,,
ENSOARG00000009463,SHROOM4,up_regulated,0.769107,0.00678297,,
ENSOARG00000005521,IL17RC,up_regulated,0.7691,6.12E-08,,
ENSOARG00000009651,FAM180A,up_regulated,0.768949,0.00145459,,
ENSOARG00000002929,HMGA2,up_regulated,0.768661,0.0493371,,
ENSOARG00000006756,NMNAT1,up_regulated,0.768465,8.48E-08,,
ENSOARG00000004290,-,up_regulated,0.768451,0.0160523,,
ENSOARG00000005855,-,up_regulated,0.767344,0.0010971,,
ENSOARG00000002524,PPP1R15B,up_regulated,0.76652,5.12E-09,,
ENSOARG00000015825,-,up_regulated,0.766161,1.04E-05,,
ENSOARG00000011352,MST1R,up_regulated,0.765692,1.05E-04,,
ENSOARG00000016251,CBX5,up_regulated,0.765299,1.40E-05,,
ENSOARG00000017359,CKAP4,up_regulated,0.765177,8.10E-05,,
ENSOARG00000002814,-,up_regulated,0.762598,3.42E-04,,
ENSOARG00000006343,XRN1,up_regulated,0.761342,2.28E-08,,
ENSOARG00000015607,-,up_regulated,0.757998,0.0149016,,
ENSOARG00000010930,CDCP1,up_regulated,0.757493,0.00232349,,
ENSOARG00000001031,MYD88,up_regulated,0.756902,1.50E-06,,
ENSOARG00000008275,PDXDC1,up_regulated,0.756227,6.60E-08,,
ENSOARG00000009087,ZUFSP,up_regulated,0.755989,5.22E-04,,
ENSOARG00000007989,GUCY1B3,up_regulated,0.754277,1.42E-04,,
ENSOARG00000000384,MAK16,up_regulated,0.752726,2.91E-04,,
ENSOARG00000014035,ELF2,up_regulated,0.752184,2.22E-05,,
ENSOARG00000014350,ZNHIT6,up_regulated,0.751288,5.80E-05,,
ENSOARG00000025785,-,up_regulated,0.751125,1.63E-04,,
ENSOARG00000010799,FBXL20,up_regulated,0.749717,0.00119874,,
ENSOARG00000006724,-,up_regulated,0.74819,4.52E-06,,
ENSOARG00000013822,-,up_regulated,0.745378,1.61E-04,,
ENSOARG00000003629,LGALS8,up_regulated,0.74351,1.24E-04,,
ENSOARG00000012999,ZC3H12C,up_regulated,0.74332,0.0367179,,
ENSOARG00000001870,VSTM4,up_regulated,0.741782,1.41E-06,,
ENSOARG00000003826,NUAK2,up_regulated,0.741671,0.00395445,,
ENSOARG00000002924,CCND3,up_regulated,0.741149,9.57E-04,,
ENSOARG00000005930,FIGN,up_regulated,0.740712,0.0367161,,
ENSOARG00000009530,YES1,up_regulated,0.740521,6.75E-08,,
ENSOARG00000016720,-,up_regulated,0.739195,0.00106563,,
ENSOARG00000011947,AFAP1,up_regulated,0.738383,4.30E-08,,
ENSOARG00000026897,-,up_regulated,0.737966,0.0442138,,
ENSOARG00000012911,RNGTT,up_regulated,0.737711,8.22E-06,,
ENSOARG00000012587,LHX8,up_regulated,0.737059,0.0140513,,
ENSOARG00000003225,C1orf131,up_regulated,0.736574,2.48E-04,,
ENSOARG00000000588,ACOT4,up_regulated,0.735908,0.00260822,,
ENSOARG00000010803,NBN,up_regulated,0.735183,1.85E-06,,
ENSOARG00000001447,WHSC1L1,up_regulated,0.734946,1.83E-07,,
ENSOARG00000013736,METTL13,up_regulated,0.734512,0.00898097,,
ENSOARG00000013097,FAM73A,up_regulated,0.734377,4.91E-06,,
ENSOARG00000012161,SLC2A8,up_regulated,0.731579,0.00605321,,
ENSOARG00000011758,GRWD1,up_regulated,0.730906,0.0403349,,
ENSOARG00000014981,-,up_regulated,0.730754,0.00541797,,
ENSOARG00000019002,RGS16,up_regulated,0.72778,4.25E-05,,
ENSOARG00000011910,LIMK1,up_regulated,0.727341,1.36E-05,,
ENSOARG00000016935,BCAR3,up_regulated,0.726518,9.65E-07,,
ENSOARG00000019165,MPST,up_regulated,0.726388,0.0217352,,
ENSOARG00000010641,VASN,up_regulated,0.724504,1.67E-04,,
ENSOARG00000020325,WDR3,up_regulated,0.724231,8.31E-05,,
ENSOARG00000013337,PUM3,up_regulated,0.722413,5.93E-06,,
ENSOARG00000017705,NT5C3B,up_regulated,0.72187,0.00189899,,
ENSOARG00000002923,TIPARP,up_regulated,0.720942,1.16E-07,,
ENSOARG00000005847,PRKCE,up_regulated,0.720521,2.20E-04,,
ENSOARG00000001152,-,up_regulated,0.719404,0.00924673,,
ENSOARG00000015832,-,up_regulated,0.719264,0.00772333,,
ENSOARG00000003320,FAM76A,up_regulated,0.717035,5.39E-05,,
ENSOARG00000002951,-,up_regulated,0.717022,8.45E-05,,
ENSOARG00000017193,ARHGAP29,up_regulated,0.71617,2.97E-07,,
ENSOARG00000020270,EPHA4,up_regulated,0.715012,3.71E-05,,
ENSOARG00000015908,ANKRD1,up_regulated,0.714955,0.0205393,,
ENSOARG00000014908,LGR4,up_regulated,0.711348,6.04E-08,,
ENSOARG00000000878,KIFC3,up_regulated,0.711172,4.66E-06,,
ENSOARG00000013568,ANKRD17,up_regulated,0.710895,3.91E-08,,
ENSOARG00000005574,KCNK6,up_regulated,0.708955,0.0172871,,
ENSOARG00000008119,FST,up_regulated,0.708506,1.02E-04,,
ENSOARG00000004515,C1R,up_regulated,0.707967,1.12E-06,,
ENSOARG00000009733,RELL1,up_regulated,0.707264,0.0023956,,
ENSOARG00000006584,UGCG,up_regulated,0.706398,0.00760079,,
ENSOARG00000006459,SEC24B,up_regulated,0.706005,1.18E-06,,
ENSOARG00000015972,ACBD5,up_regulated,0.705761,0.00194303,,
ENSOARG00000012739,TANC2,up_regulated,0.703798,0.0246107,,
ENSOARG00000011703,VPS53,up_regulated,0.703119,3.84E-06,,
ENSOARG00000015855,-,up_regulated,0.702017,1.08E-07,,
ENSOARG00000001383,M6PR,up_regulated,0.701543,1.22E-04,,
ENSOARG00000006984,-,up_regulated,0.701115,1.45E-04,,
ENSOARG00000013804,CBR3,up_regulated,0.70032,7.35E-05,,
ENSOARG00000011627,ASCC3,up_regulated,0.699145,9.68E-08,,
ENSOARG00000017186,PAPD5,up_regulated,0.697798,1.58E-05,,
ENSOARG00000020074,CPNE8,up_regulated,0.697212,0.0114395,,
ENSOARG00000017897,PFKFB4,up_regulated,0.697196,0.0130676,,
ENSOARG00000016181,ITGA5,up_regulated,0.696123,0.0110987,,
ENSOARG00000014287,TMEM158,up_regulated,0.695136,0.00778897,,
ENSOARG00000008904,-,up_regulated,0.695061,9.00E-05,,
ENSOARG00000003290,RNF121,up_regulated,0.694945,2.33E-06,,
ENSOARG00000020475,P3H2,up_regulated,0.694914,0.0133362,,
ENSOARG00000000115,-,up_regulated,0.694867,0.00336322,,
ENSOARG00000008364,USP48,up_regulated,0.6943,7.80E-07,,
ENSOARG00000014997,CHCHD7,up_regulated,0.694204,0.00358277,,
ENSOARG00000007527,RAD51D,up_regulated,0.693329,0.0078464,,
ENSOARG00000014556,RNF8,up_regulated,0.693147,8.12E-05,,
ENSOARG00000004162,FAM222B,up_regulated,0.69307,0.0022655,,
ENSOARG00000001872,HSPB8,up_regulated,0.692985,0.00339582,,
ENSOARG00000000072,FOSL1,up_regulated,0.692196,0.00851725,,
ENSOARG00000011364,ZDHHC3,up_regulated,0.691892,1.20E-04,,
ENSOARG00000005307,DDX21,up_regulated,0.691746,0.0196465,,
ENSOARG00000018523,KAT2A,up_regulated,0.69143,5.43E-05,,
ENSOARG00000010628,TMEM206,up_regulated,0.690505,2.80E-04,,
ENSOARG00000011691,EMP3,up_regulated,0.689653,9.04E-07,,
ENSOARG00000012241,ADAM12,up_regulated,0.688786,3.25E-04,,
ENSOARG00000017358,PMEPA1,up_regulated,0.686716,0.00189714,,
ENSOARG00000005628,EIF5,up_regulated,0.685525,1.89E-06,,
ENSOARG00000020991,GABPB1,up_regulated,0.685229,7.18E-05,,
ENSOARG00000018945,TCF20,up_regulated,0.684998,1.82E-04,,
ENSOARG00000013030,SNAI2,up_regulated,0.68468,0.00220386,,
ENSOARG00000012334,PXK,up_regulated,0.684335,0.00165351,,
ENSOARG00000016039,DCP2,up_regulated,0.683594,1.81E-06,,
ENSOARG00000011220,CDK12,up_regulated,0.682208,4.76E-07,,
ENSOARG00000011664,-,up_regulated,0.681113,0.0439181,,
ENSOARG00000016481,PWWP2B,up_regulated,0.679369,0.0317832,,
ENSOARG00000020697,GNB4,up_regulated,0.678843,1.66E-05,,
ENSOARG00000010633,STAC2,up_regulated,0.678809,0.0173852,,
ENSOARG00000009981,TBC1D1,up_regulated,0.678558,0.0160391,,
ENSOARG00000010772,C6orf106,up_regulated,0.678272,8.91E-06,,
ENSOARG00000016778,POLK,up_regulated,0.677849,3.64E-05,,
ENSOARG00000016168,TRIB2,up_regulated,0.673644,0.00238616,,
ENSOARG00000014176,CCNA2,up_regulated,0.672961,1.19E-05,,
ENSOARG00000016606,TMED5,up_regulated,0.672755,4.29E-06,,
ENSOARG00000009235,RFXANK,up_regulated,0.672752,4.13E-04,,
ENSOARG00000020401,FOXJ3,up_regulated,0.672614,1.69E-06,,
ENSOARG00000010035,SERPING1,up_regulated,0.672054,1.05E-05,,
ENSOARG00000008411,SLC10A7,up_regulated,0.670017,0.00157024,,
ENSOARG00000014899,ZDHHC17,up_regulated,0.669759,5.34E-05,,
ENSOARG00000018891,TBC1D8B,up_regulated,0.664594,1.45E-05,,
ENSOARG00000014116,PTGS1,up_regulated,0.663738,1.53E-04,,
ENSOARG00000025194,ARL4C,up_regulated,0.663446,1.96E-06,,
ENSOARG00000017820,DYRK2,up_regulated,0.663163,3.75E-06,,
ENSOARG00000017296,NUAK1,up_regulated,0.663033,3.75E-06,,
ENSOARG00000002045,NR3C1,up_regulated,0.662845,1.42E-06,,
ENSOARG00000012862,IGFBP3,up_regulated,0.662437,4.29E-06,,
ENSOARG00000003199,SHC1,up_regulated,0.661674,6.98E-07,,
ENSOARG00000000717,-,up_regulated,0.659689,0.0208537,,
ENSOARG00000012323,ACAP1,up_regulated,0.658688,0.0105107,,
ENSOARG00000006530,PEX12,up_regulated,0.657726,0.00166674,,
ENSOARG00000010326,DRG1,up_regulated,0.657054,1.74E-06,,
ENSOARG00000026299,-,up_regulated,0.656675,2.23E-05,,
ENSOARG00000016952,ENDOD1,up_regulated,0.655787,0.0108139,,
ENSOARG00000003257,LGALS3BP,up_regulated,0.65555,5.87E-06,,
ENSOARG00000010810,TRPS1,up_regulated,0.655246,0.00124737,,
ENSOARG00000014018,-,up_regulated,0.653771,2.40E-04,,
ENSOARG00000018536,FERMT1,up_regulated,0.651659,3.82E-05,,
ENSOARG00000008850,MMAA,up_regulated,0.6516,2.57E-04,,
ENSOARG00000005430,-,up_regulated,0.651542,0.0346859,,
ENSOARG00000026180,-,up_regulated,0.650853,0.0316872,,
ENSOARG00000016535,NFXL1,up_regulated,0.650439,0.00295702,,
ENSOARG00000018976,ADPGK,up_regulated,0.650005,4.83E-05,,
ENSOARG00000010135,F5,up_regulated,0.644708,0.00158197,,
ENSOARG00000000996,PSMA4,up_regulated,0.644673,4.49E-05,,
ENSOARG00000019266,AMPD2,up_regulated,0.644482,3.44E-04,,
ENSOARG00000000739,-,up_regulated,0.644126,6.53E-05,,
ENSOARG00000014352,ADRB2,up_regulated,0.643867,0.020247,,
ENSOARG00000003457,-,up_regulated,0.643112,0.0492123,,
ENSOARG00000002241,CSRNP1,up_regulated,0.641723,0.00368536,,
ENSOARG00000026747,-,up_regulated,0.641271,7.18E-04,,
ENSOARG00000009434,NPRL2,up_regulated,0.641208,1.36E-05,,
ENSOARG00000018575,ZKSCAN2,up_regulated,0.641113,0.00358277,,
ENSOARG00000002476,RGS10,up_regulated,0.640585,0.0110416,,
ENSOARG00000018832,IL4R,up_regulated,0.640473,4.86E-04,,
ENSOARG00000001626,PPM1K,up_regulated,0.639879,0.00642865,,
ENSOARG00000010770,STARD13,up_regulated,0.639332,5.43E-05,,
ENSOARG00000018847,CREB1,up_regulated,0.639201,1.62E-04,,
ENSOARG00000005655,MMP28,up_regulated,0.637596,0.006989,,
ENSOARG00000009640,-,up_regulated,0.63749,6.95E-04,,
ENSOARG00000000952,SEC23B,up_regulated,0.636925,6.52E-04,,
ENSOARG00000000985,-,up_regulated,0.636641,4.85E-04,,
ENSOARG00000012638,BAZ1B,up_regulated,0.635883,2.07E-06,,
ENSOARG00000020795,CIART,up_regulated,0.635614,0.00695002,,
ENSOARG00000019897,APLF,up_regulated,0.635189,0.014371,,
ENSOARG00000016852,CFLAR,up_regulated,0.634159,2.03E-04,,
ENSOARG00000015968,SAP130,up_regulated,0.633366,5.16E-04,,
ENSOARG00000007580,PLEKHA1,up_regulated,0.631311,1.31E-04,,
ENSOARG00000012416,-,up_regulated,0.630712,7.78E-04,,
ENSOARG00000010671,LZTS1,up_regulated,0.629722,0.0346589,,
ENSOARG00000002615,CBX4,up_regulated,0.627368,0.00216314,,
ENSOARG00000008728,PAPSS1,up_regulated,0.627359,5.76E-04,,
ENSOARG00000018146,FICD,up_regulated,0.626988,0.0151762,,
ENSOARG00000008487,SETDB2,up_regulated,0.62636,0.00314234,,
ENSOARG00000019084,NFATC4,up_regulated,0.625087,0.00369444,,
ENSOARG00000005201,METTL1,up_regulated,0.625047,0.0168804,,
ENSOARG00000015437,TSR1,up_regulated,0.623841,0.0474574,,
ENSOARG00000003146,GMPS,up_regulated,0.623773,4.47E-06,,
ENSOARG00000006160,NSMCE4A,up_regulated,0.622996,4.52E-04,,
ENSOARG00000010391,FAM53B,up_regulated,0.622661,0.0186146,,
ENSOARG00000015965,DNAJA2,up_regulated,0.6226,2.07E-06,,
ENSOARG00000018064,SH2B3,up_regulated,0.619557,4.55E-05,,
ENSOARG00000005014,ABLIM3,up_regulated,0.618939,0.00251966,,
ENSOARG00000011707,NOL9,up_regulated,0.618718,0.00419585,,
ENSOARG00000020857,DUSP16,up_regulated,0.616299,0.045355,,
ENSOARG00000006876,BAZ1A,up_regulated,0.615796,2.89E-06,,
ENSOARG00000001924,DUSP15,up_regulated,0.615195,0.00837626,,
ENSOARG00000016216,SDAD1,up_regulated,0.614581,0.0213864,,
ENSOARG00000007841,THUMPD2,up_regulated,0.614537,0.0156696,,
ENSOARG00000002489,PREX2,up_regulated,0.613629,8.08E-04,,
ENSOARG00000009947,TCEAL1,up_regulated,0.613048,0.021522,,
ENSOARG00000009570,PKN3,up_regulated,0.613028,0.00497722,,
ENSOARG00000011841,ANPEP,up_regulated,0.611035,7.84E-06,,
ENSOARG00000001803,USP42,up_regulated,0.609596,3.77E-04,,
ENSOARG00000017827,AP5B1,up_regulated,0.60951,3.53E-04,,
ENSOARG00000002461,CHEK2,up_regulated,0.608185,0.0222211,,
ENSOARG00000020579,UBR1,up_regulated,0.607878,1.11E-05,,
ENSOARG00000011571,PQBP1,up_regulated,0.60722,8.20E-04,,
ENSOARG00000007144,TCOF1,up_regulated,0.606712,1.56E-04,,
ENSOARG00000018175,DNAJC7,up_regulated,0.605458,1.37E-05,,
ENSOARG00000009506,-,up_regulated,0.604243,5.78E-04,,
ENSOARG00000003819,ZNF135,up_regulated,0.603758,0.00153811,,
ENSOARG00000011386,EXOSC3,up_regulated,0.602903,2.42E-04,,
ENSOARG00000010220,ZDHHC16,up_regulated,0.60252,5.22E-04,,
ENSOARG00000021037,-,up_regulated,0.602405,0.00143862,,
ENSOARG00000016741,FAM126B,up_regulated,0.60187,0.00402477,,
ENSOARG00000015652,G3BP2,up_regulated,0.601316,1.71E-05,,
ENSOARG00000009772,SPTAN1,up_regulated,0.600869,1.33E-04,,
ENSOARG00000015763,USO1,up_regulated,0.600816,1.05E-05,,
ENSOARG00000011249,VAX2,up_regulated,0.600536,0.00924673,,
ENSOARG00000016244,NCKIPSD,up_regulated,0.599059,2.84E-04,,
ENSOARG00000011085,CCDC120,up_regulated,0.596711,0.0398116,,
ENSOARG00000019905,EMC7,up_regulated,0.596696,6.13E-05,,
ENSOARG00000017275,RFESD,up_regulated,0.595417,0.0370894,,
ENSOARG00000000329,SRFBP1,up_regulated,0.595365,0.0484412,,
ENSOARG00000019029,DNAJC2,up_regulated,0.59525,1.96E-04,,
ENSOARG00000020782,APH1A,up_regulated,0.593337,3.33E-05,,
ENSOARG00000003113,-,up_regulated,0.593043,5.96E-05,,
ENSOARG00000016697,ACOT9,up_regulated,0.59103,4.11E-05,,
ENSOARG00000020266,TTF2,up_regulated,0.590894,0.00257765,,
ENSOARG00000008771,SRSF7,up_regulated,0.589875,0.0168485,,
ENSOARG00000000491,SRRM2,up_regulated,0.588955,5.94E-06,,
ENSOARG00000021160,FUT8,up_regulated,0.588831,7.34E-05,,
ENSOARG00000003112,AKAP12,up_regulated,0.587908,0.0383338,,
ENSOARG00000021187,SUSD6,up_regulated,0.586446,0.0209024,,
ENSOARG00000005614,ACP2,up_regulated,0.585332,0.00660395,,
ENSOARG00000008831,DPP9,up_regulated,0.585155,0.0090499,,
ENSOARG00000004440,LRRC59,up_regulated,0.584925,0.0162561,,
ENSOARG00000008885,NET1,up_regulated,0.58489,0.00592726,,
ENSOARG00000017097,PPTC7,up_regulated,0.584397,0.00158545,,
ENSOARG00000017480,ELL2,up_regulated,0.583968,7.85E-05,,
ENSOARG00000009195,PLCB1,up_regulated,0.581558,0.020332,,
ENSOARG00000010515,BIRC6,up_regulated,0.581364,1.92E-05,,
ENSOARG00000014119,RARA,up_regulated,0.580954,0.00161733,,
ENSOARG00000001749,PLAGL1,up_regulated,0.58089,2.44E-04,,
ENSOARG00000011531,RRP15,up_regulated,0.580814,0.0222178,,
ENSOARG00000013611,JAM3,up_regulated,0.580385,1.03E-04,,
ENSOARG00000013874,POLR2A,up_regulated,0.579822,2.40E-05,,
ENSOARG00000017569,NOP58,up_regulated,0.579165,0.0170316,,
ENSOARG00000011272,PRDM1,up_regulated,0.57843,0.0155266,,
ENSOARG00000006923,RSL1D1,up_regulated,0.578306,0.0394949,,
ENSOARG00000007374,SPHK1,up_regulated,0.578061,4.09E-04,,
ENSOARG00000010351,DCTN6,up_regulated,0.577524,1.61E-04,,
ENSOARG00000001711,ZNF800,up_regulated,0.577033,0.00293362,,
ENSOARG00000010048,OAT,up_regulated,0.576415,1.97E-05,,
ENSOARG00000020737,NCEH1,up_regulated,0.576347,0.00874426,,
ENSOARG00000001337,CAV1,up_regulated,0.576008,7.41E-04,,
ENSOARG00000010053,ARL6IP5,up_regulated,0.575971,4.24E-04,,
ENSOARG00000020889,NEDD4,up_regulated,0.575761,1.24E-04,,
ENSOARG00000011939,PROCR,up_regulated,0.575352,0.00252916,,
ENSOARG00000009225,RND3,up_regulated,0.574484,0.0012688,,
ENSOARG00000005685,PLOD2,up_regulated,0.574353,0.0455928,,
ENSOARG00000008751,GEMIN6,up_regulated,0.574144,0.0480891,,
ENSOARG00000002962,-,up_regulated,0.571481,7.19E-05,,
ENSOARG00000003064,DYNC1H1,up_regulated,0.570397,2.37E-05,,
ENSOARG00000017572,TNFAIP1,up_regulated,0.569409,2.12E-04,,
ENSOARG00000015272,RCHY1,up_regulated,0.569183,0.00830702,,
ENSOARG00000002977,GNG10,up_regulated,0.568076,0.010506,,
ENSOARG00000011594,GNE,up_regulated,0.567187,0.00451911,,
ENSOARG00000008357,STAM2,up_regulated,0.566729,2.81E-04,,
ENSOARG00000006212,CRABP2,up_regulated,0.565168,0.0132246,,
ENSOARG00000000835,PNP,up_regulated,0.564706,0.0379931,,
ENSOARG00000003564,STIL,up_regulated,0.564475,0.00492798,,
ENSOARG00000020233,HEG1,up_regulated,0.563656,6.98E-05,,
ENSOARG00000015507,NOL10,up_regulated,0.562281,0.0011968,,
ENSOARG00000002837,CCDC117,up_regulated,0.561889,0.0205633,,
ENSOARG00000015356,ELF4,up_regulated,0.561406,1.20E-04,,
ENSOARG00000014911,EFNB1,up_regulated,0.560633,4.52E-04,,
ENSOARG00000006185,ABHD16A,up_regulated,0.559304,5.96E-05,,
ENSOARG00000016981,ISOC1,up_regulated,0.559294,0.0108286,,
ENSOARG00000009548,UNK,up_regulated,0.558993,6.79E-04,,
ENSOARG00000008199,PTPRJ,up_regulated,0.558388,0.0133362,,
ENSOARG00000000968,NMNAT2,up_regulated,0.558273,0.0343221,,
ENSOARG00000013687,NHLRC2,up_regulated,0.558266,0.00526175,,
ENSOARG00000014892,C10orf12,up_regulated,0.558127,0.00231358,,
ENSOARG00000010392,TMEM51,up_regulated,0.557974,0.0253215,,
ENSOARG00000016589,MTF2,up_regulated,0.556667,0.00645916,,
ENSOARG00000010390,LIMD1,up_regulated,0.556567,0.0165037,,
ENSOARG00000013960,USP4,up_regulated,0.556223,2.93E-04,,
ENSOARG00000005578,MGLL,up_regulated,0.55566,0.0412123,,
ENSOARG00000002264,RAD54L,up_regulated,0.554105,0.00769642,,
ENSOARG00000004758,ENC1,up_regulated,0.553862,0.0185882,,
ENSOARG00000019122,KLF2,up_regulated,0.552729,0.03881,,
ENSOARG00000004658,C1S,up_regulated,0.552058,4.49E-04,,
ENSOARG00000014140,UNC93B1,up_regulated,0.551587,0.0110218,,
ENSOARG00000016193,IL18,up_regulated,0.55152,0.030819,,
ENSOARG00000019788,GNL2,up_regulated,0.55116,2.90E-04,,
ENSOARG00000017238,TNRC6B,up_regulated,0.549493,0.00129041,,
ENSOARG00000019548,B3GNT2,up_regulated,0.548977,4.12E-04,,
ENSOARG00000010212,BIN3,up_regulated,0.548404,0.00340964,,
ENSOARG00000005247,KIAA0040,up_regulated,0.546791,0.00232591,,
ENSOARG00000017950,TNRC6A,up_regulated,0.546657,1.55E-04,,
ENSOARG00000010182,TAPT1,up_regulated,0.546538,0.00821003,,
ENSOARG00000010987,NUP85,up_regulated,0.545321,0.00688745,,
ENSOARG00000019406,LRP10,up_regulated,0.544991,0.00392568,,
ENSOARG00000002352,SUDS3,up_regulated,0.544964,0.00231242,,
ENSOARG00000019566,WDR43,up_regulated,0.544222,0.00777948,,
ENSOARG00000007968,SEC24C,up_regulated,0.542724,5.43E-05,,
ENSOARG00000000033,ND6,up_regulated,0.541449,0.00745964,,
ENSOARG00000020061,UGP2,up_regulated,0.540612,0.0246107,,
ENSOARG00000002903,-,up_regulated,0.54055,2.73E-04,,
ENSOARG00000013500,PLGRKT,up_regulated,0.539923,0.00124737,,
ENSOARG00000018111,RAB9A,up_regulated,0.536161,0.0240992,,
ENSOARG00000003192,SLC33A1,up_regulated,0.535703,0.00463506,,
ENSOARG00000004770,MBD2,up_regulated,0.535597,1.15E-04,,
ENSOARG00000020138,NGF,up_regulated,0.535275,0.00144349,,
ENSOARG00000010896,UHRF1BP1,up_regulated,0.535244,0.00127263,,
ENSOARG00000003189,INPP5F,up_regulated,0.533848,9.77E-04,,
ENSOARG00000008705,MICAL2,up_regulated,0.532807,0.048044,,
ENSOARG00000014114,CWF19L1,up_regulated,0.532204,0.00504538,,
ENSOARG00000017438,SRP9,up_regulated,0.531775,0.00366445,,
ENSOARG00000012360,ELK3,up_regulated,0.531597,1.44E-04,,
ENSOARG00000003694,FNTA,up_regulated,0.531154,7.88E-04,,
ENSOARG00000002115,MRE11A,up_regulated,0.530955,0.00566179,,
ENSOARG00000018215,UPRT,up_regulated,0.529638,0.00605138,,
ENSOARG00000007250,IBTK,up_regulated,0.528889,0.00474104,,
ENSOARG00000007928,RFFL,up_regulated,0.528367,4.65E-04,,
ENSOARG00000010471,SPG20,up_regulated,0.528184,1.40E-04,,
ENSOARG00000008953,PLEKHM2,up_regulated,0.52807,1.95E-04,,
ENSOARG00000001273,TXNDC17,up_regulated,0.527979,0.0176196,,
ENSOARG00000015042,NSUN2,up_regulated,0.52795,0.0289449,,
ENSOARG00000011033,MED7,up_regulated,0.527933,0.00665668,,
ENSOARG00000017077,ZNF654,up_regulated,0.52763,0.0135928,,
ENSOARG00000006823,SUGT1,up_regulated,0.526462,9.51E-04,,
ENSOARG00000008736,PGK2,up_regulated,0.525827,0.00187962,,
ENSOARG00000016678,SOAT1,up_regulated,0.525803,0.00387303,,
ENSOARG00000005018,TCF4,up_regulated,0.525379,7.11E-04,,
ENSOARG00000017155,APPBP2,up_regulated,0.524484,5.02E-04,,
ENSOARG00000003719,PDCD11,up_regulated,0.524281,0.0104567,,
ENSOARG00000020614,TRIP12,up_regulated,0.523883,1.58E-04,,
ENSOARG00000014698,CMTR1,up_regulated,0.523874,1.70E-04,,
ENSOARG00000020165,ZHX2,up_regulated,0.523101,0.00425118,,
ENSOARG00000003418,PTK2,up_regulated,0.523017,0.00554662,,
ENSOARG00000012102,DHPS,up_regulated,0.522662,0.00862647,,
ENSOARG00000015141,PINX1,up_regulated,0.522056,0.0139851,,
ENSOARG00000018109,-,up_regulated,0.521696,3.41E-04,,
ENSOARG00000015101,IMPA1,up_regulated,0.521694,0.0080275,,
ENSOARG00000015245,SMURF2,up_regulated,0.521658,0.00618246,,
ENSOARG00000019074,NYNRIN,up_regulated,0.521206,0.0403349,,
ENSOARG00000013342,BCL2L12,up_regulated,0.520956,0.00178163,,
ENSOARG00000006758,SNX6,up_regulated,0.520918,0.00458528,,
ENSOARG00000002745,-,up_regulated,0.519552,2.01E-04,,
ENSOARG00000016615,MFSD5,up_regulated,0.518561,0.00152205,,
ENSOARG00000001995,-,up_regulated,0.517335,0.00304415,,
ENSOARG00000019439,SFPQ,up_regulated,0.517043,0.00794114,,
ENSOARG00000011949,C3orf67,up_regulated,0.516878,0.00492604,,
ENSOARG00000016276,INTS5,up_regulated,0.516779,0.0033401,,
ENSOARG00000013099,FBXL7,up_regulated,0.515062,0.0035188,,
ENSOARG00000009140,LRRC8A,up_regulated,0.51423,0.00637387,,
ENSOARG00000018210,TIMP3,up_regulated,0.514204,0.0120009,,
ENSOARG00000020237,ZNF148,up_regulated,0.513967,0.0048521,,
ENSOARG00000006799,ACOT8,up_regulated,0.513708,0.0197764,,
ENSOARG00000005918,-,up_regulated,0.512998,0.00862647,,
ENSOARG00000014996,NAV3,up_regulated,0.512426,0.00172694,,
ENSOARG00000001022,CSTF2,up_regulated,0.512218,0.0198559,,
ENSOARG00000013797,BIRC8,up_regulated,0.511932,0.00492264,,
ENSOARG00000014336,CYR61,up_regulated,0.511742,6.24E-04,,
ENSOARG00000009189,DDI2,up_regulated,0.511309,0.0120009,,
ENSOARG00000008016,TNIP1,up_regulated,0.511068,6.79E-04,,
ENSOARG00000000558,-,up_regulated,0.51094,1.45E-04,,
ENSOARG00000008846,C6orf47,up_regulated,0.510353,0.00260822,,
ENSOARG00000008038,BRD2,up_regulated,0.509949,1.30E-04,,
ENSOARG00000011158,ESF1,up_regulated,0.509493,0.00425118,,
ENSOARG00000015415,HPCAL1,up_regulated,0.507651,0.0048521,,
ENSOARG00000000257,SKIL,up_regulated,0.506595,9.69E-04,,
ENSOARG00000010589,SMARCA5,up_regulated,0.5055,1.50E-04,,
ENSOARG00000010857,ZBTB7A,up_regulated,0.504976,9.75E-04,,
ENSOARG00000010202,UBR4,up_regulated,0.504442,3.17E-04,,
ENSOARG00000013992,CHAF1B,up_regulated,0.502816,0.00541454,,
ENSOARG00000002654,CBX8,up_regulated,0.502808,0.0217495,,
ENSOARG00000012734,WNT5B,up_regulated,0.502627,0.0245504,,
ENSOARG00000023813,ZNFX1-AS1_2,up_regulated,0.502513,6.35E-04,,
ENSOARG00000005084,MMP3,up_regulated,0.501907,0.0493371,,
ENSOARG00000009908,CCNB3,up_regulated,0.501173,0.0286547,,
ENSOARG00000006916,TXN,up_regulated,0.500884,5.53E-04,,
ENSOARG00000013378,GLIS3,up_regulated,0.500342,0.00807447,,
ENSOARG00000020844,SLTM,up_regulated,0.500285,9.81E-04,,
ENSOARG00000005464,CLIC1,up_regulated,0.497907,7.50E-04,,
ENSOARG00000001087,SRRD,up_regulated,0.497767,0.0159639,,
ENSOARG00000007953,TMEM184C,up_regulated,0.497532,0.00326283,,
ENSOARG00000013812,GLS,up_regulated,0.494205,0.0191917,,
ENSOARG00000008726,IQSEC2,up_regulated,0.494053,0.0164889,,
ENSOARG00000020981,SPPL2A,up_regulated,0.493434,8.93E-04,,
ENSOARG00000000216,ACTR5,up_regulated,0.491856,0.0319936,,
ENSOARG00000010442,ALDH4A1,up_regulated,0.49107,0.0150254,,
ENSOARG00000003995,HNRNPF,up_regulated,0.490894,0.00161749,,
ENSOARG00000018509,MR1,up_regulated,0.490512,0.00486071,,
ENSOARG00000020095,-,up_regulated,0.490362,0.0126402,,
ENSOARG00000008295,TPD52,up_regulated,0.489496,0.0443636,,
ENSOARG00000019370,FAM118A,up_regulated,0.489108,0.00427409,,
ENSOARG00000001101,GNG11,up_regulated,0.489001,0.00250948,,
ENSOARG00000014348,DDX46,up_regulated,0.488887,0.00600831,,
ENSOARG00000019484,NAA50,up_regulated,0.48885,0.0217495,,
ENSOARG00000017797,FRYL,up_regulated,0.488181,0.00127622,,
ENSOARG00000003352,NFIL3,up_regulated,0.487358,0.00218549,,
ENSOARG00000003354,FNIP2,up_regulated,0.485541,0.0393997,,
ENSOARG00000004164,-,up_regulated,0.485155,0.00946568,,
ENSOARG00000017288,PLEKHA3,up_regulated,0.484971,0.00673218,,
ENSOARG00000013179,LAMP2,up_regulated,0.483659,7.50E-04,,
ENSOARG00000013114,OTULIN,up_regulated,0.482516,0.0176021,,
ENSOARG00000017068,TRAK2,up_regulated,0.48198,0.00157409,,
ENSOARG00000013419,SACS,up_regulated,0.481915,0.00131753,,
ENSOARG00000008452,ARL5A,up_regulated,0.481901,0.0310673,,
ENSOARG00000012692,MOGS,up_regulated,0.481597,0.00826641,,
ENSOARG00000009462,TROVE2,up_regulated,0.480092,0.0032176,,
ENSOARG00000007589,DBR1,up_regulated,0.476607,0.00634308,,
ENSOARG00000015431,ODC1,up_regulated,0.476428,0.0107723,,
ENSOARG00000017706,CPOX,up_regulated,0.475866,0.0165344,,
ENSOARG00000015380,DNMT1,up_regulated,0.475211,0.00207832,,
ENSOARG00000012798,TMEM41B,up_regulated,0.475034,0.0159939,,
ENSOARG00000013553,DCUN1D3,up_regulated,0.47427,0.0096594,,
ENSOARG00000005443,DNAJB1,up_regulated,0.471951,0.00156507,,
ENSOARG00000014222,DENND4C,up_regulated,0.471852,0.0208279,,
ENSOARG00000001148,HFE,up_regulated,0.471263,0.0088754,,
ENSOARG00000005792,TLR4,up_regulated,0.471097,0.0478603,,
ENSOARG00000006049,CCDC109B,up_regulated,0.470922,0.01106,,
ENSOARG00000006712,KIAA0368,up_regulated,0.470803,5.90E-04,,
ENSOARG00000011069,PKNOX1,up_regulated,0.470143,0.0318278,,
ENSOARG00000002223,MYOF,up_regulated,0.469479,0.00831968,,
ENSOARG00000006453,SRRM1,up_regulated,0.469392,9.34E-04,,
ENSOARG00000020894,ETV6,up_regulated,0.469387,0.0446224,,
ENSOARG00000010464,ALKBH8,up_regulated,0.469177,0.0492123,,
ENSOARG00000001814,GCC1,up_regulated,0.469177,0.00768323,,
ENSOARG00000010954,DET1,up_regulated,0.467592,0.0101793,,
ENSOARG00000001602,CLOCK,up_regulated,0.466448,0.0101305,,
ENSOARG00000011090,TRDMT1,up_regulated,0.464831,0.0165681,,
ENSOARG00000000587,IDH3A,up_regulated,0.463897,0.00151341,,
ENSOARG00000003550,MAP3K6,up_regulated,0.462378,0.00885363,,
ENSOARG00000015765,NIPA2,up_regulated,0.461398,0.0103666,,
ENSOARG00000002227,-,up_regulated,0.461285,0.0102868,,
ENSOARG00000000712,BRWD3,up_regulated,0.46004,0.00959738,,
ENSOARG00000001845,TPM3,up_regulated,0.459888,0.00567523,,
ENSOARG00000012990,TMEM256-PLSCR3,up_regulated,0.45886,0.00329588,,
ENSOARG00000007727,BFAR,up_regulated,0.458592,0.00161133,,
ENSOARG00000007663,PKDCC,up_regulated,0.457347,0.0414301,,
ENSOARG00000006995,FCHSD2,up_regulated,0.457166,0.026217,,
ENSOARG00000014991,EXTL3,up_regulated,0.457134,0.00271848,,
ENSOARG00000015577,TMEM167A,up_regulated,0.456683,0.019132,,
ENSOARG00000017961,HACD3,up_regulated,0.456464,0.0195513,,
ENSOARG00000004510,ZNF516,up_regulated,0.455904,0.0486411,,
ENSOARG00000008407,BAZ2A,up_regulated,0.454184,0.00199443,,
ENSOARG00000017837,TOR1AIP1,up_regulated,0.453271,0.0030067,,
ENSOARG00000020868,AK2,up_regulated,0.452173,0.017414,,
ENSOARG00000012528,MDN1,up_regulated,0.451532,0.0282209,,
ENSOARG00000009131,MYDGF,up_regulated,0.451454,0.00957574,,
ENSOARG00000016777,SLF1,up_regulated,0.451116,0.0287526,,
ENSOARG00000018471,HARS,up_regulated,0.451107,0.0157889,,
ENSOARG00000003944,TRAM1,up_regulated,0.451009,0.0224326,,
ENSOARG00000002263,SRPX2,up_regulated,0.447543,0.00304915,,
ENSOARG00000020140,TRIT1,up_regulated,0.446569,0.0199127,,
ENSOARG00000009897,UFM1,up_regulated,0.446098,0.0305173,,
ENSOARG00000017582,TMEM63A,up_regulated,0.445784,0.0145216,,
ENSOARG00000012981,SCAMP4,up_regulated,0.44435,0.0152171,,
ENSOARG00000016999,DNTTIP2,up_regulated,0.444173,0.0135664,,
ENSOARG00000006589,LSM12,up_regulated,0.443834,0.00456531,,
ENSOARG00000004031,-,up_regulated,0.442393,0.0152361,,
ENSOARG00000010903,MIER1,up_regulated,0.441869,0.0125225,,
ENSOARG00000011383,WLS,up_regulated,0.4417,0.00235906,,
ENSOARG00000000341,RNPEP,up_regulated,0.439285,0.012037,,
ENSOARG00000020437,DOCK10,up_regulated,0.439265,0.0313673,,
ENSOARG00000017604,AKAP10,up_regulated,0.438036,0.0289495,,
ENSOARG00000020041,VPS54,up_regulated,0.437832,0.0267571,,
ENSOARG00000005206,OPTN,up_regulated,0.437158,0.0313074,,
ENSOARG00000002594,CHM,up_regulated,0.43488,0.0330463,,
ENSOARG00000019058,KHNYN,up_regulated,0.434703,0.0213473,,
ENSOARG00000016964,SEC24D,up_regulated,0.434464,0.00782039,,
ENSOARG00000012085,TARS,up_regulated,0.433929,0.00160096,,
ENSOARG00000005783,MAPRE2,up_regulated,0.433575,0.00596503,,
ENSOARG00000018737,ALCAM,up_regulated,0.433426,0.0375996,,
ENSOARG00000007429,PSMA6,up_regulated,0.432901,0.007278,,
ENSOARG00000010860,GSS,up_regulated,0.431435,0.0426028,,
ENSOARG00000013690,NAA15,up_regulated,0.431391,0.0273206,,
ENSOARG00000005633,ZYG11B,up_regulated,0.43047,0.018407,,
ENSOARG00000006721,COA4,up_regulated,0.430084,0.0275068,,
ENSOARG00000008343,LTBR,up_regulated,0.430014,0.00372354,,
ENSOARG00000003206,CHORDC1,up_regulated,0.428721,0.016718,,
ENSOARG00000006250,HMGXB3,up_regulated,0.427913,0.00462264,,
ENSOARG00000018018,CHST12,up_regulated,0.427598,0.0370363,,
ENSOARG00000011001,-,up_regulated,0.427596,0.0172226,,
ENSOARG00000018948,-,up_regulated,0.426767,0.0192144,,
ENSOARG00000008054,ZBTB40,up_regulated,0.426698,0.0110416,,
ENSOARG00000005817,CHST2,up_regulated,0.426369,0.0444658,,
ENSOARG00000016659,DCHS1,up_regulated,0.425979,0.0196588,,
ENSOARG00000005050,MSN,up_regulated,0.425961,0.00382313,,
ENSOARG00000018057,RLIM,up_regulated,0.424974,0.00942846,,
ENSOARG00000010010,MFHAS1,up_regulated,0.424865,0.00481606,,
ENSOARG00000018937,NAV1,up_regulated,0.424482,0.0149974,,
ENSOARG00000008398,FAT1,up_regulated,0.423512,0.00710579,,
ENSOARG00000012515,PCSK5,up_regulated,0.421624,0.0222896,,
ENSOARG00000005920,NUBP1,up_regulated,0.421593,0.0412797,,
ENSOARG00000009413,CHSY1,up_regulated,0.42139,0.0226304,,
ENSOARG00000020422,HES1,up_regulated,0.421261,0.0367873,,
ENSOARG00000015179,C11orf24,up_regulated,0.421201,0.0255242,,
ENSOARG00000013326,DNAJB4,up_regulated,0.4211,0.00837748,,
ENSOARG00000011000,DNAJC11,up_regulated,0.418553,0.0123632,,
ENSOARG00000015859,KCTD10,up_regulated,0.418021,0.0113924,,
ENSOARG00000016514,SP1,up_regulated,0.417738,0.0210851,,
ENSOARG00000004797,WWTR1,up_regulated,0.416068,0.00780442,,
ENSOARG00000000201,RNF219,up_regulated,0.415707,0.0402885,,
ENSOARG00000010453,TPST1,up_regulated,0.415048,0.0240992,,
ENSOARG00000010352,CCND2,up_regulated,0.414434,0.00889633,,
ENSOARG00000000576,GSDMD,up_regulated,0.414228,0.0338499,,
ENSOARG00000002409,GFM1,up_regulated,0.413299,0.00673218,,
ENSOARG00000020880,SETDB1,up_regulated,0.413177,0.00957574,,
ENSOARG00000000680,ELMSAN1,up_regulated,0.412978,0.0210851,,
ENSOARG00000006042,SAMD4B,up_regulated,0.412472,0.0125864,,
ENSOARG00000011854,EDEM2,up_regulated,0.412416,0.0141154,,
ENSOARG00000004435,-,up_regulated,0.412361,0.0306715,,
ENSOARG00000007255,UBA6,up_regulated,0.412057,0.00729292,,
ENSOARG00000014072,SIM2,up_regulated,0.411366,0.00850206,,
ENSOARG00000002237,GORASP2,up_regulated,0.410672,0.00597945,,
ENSOARG00000017736,RRBP1,up_regulated,0.410245,0.00974093,,
ENSOARG00000009089,SMAD1,up_regulated,0.409678,0.00763172,,
ENSOARG00000006979,RHBDF2,up_regulated,0.409606,0.0361501,,
ENSOARG00000004665,KIAA0895,up_regulated,0.408796,0.048295,,
ENSOARG00000009641,HDAC9,up_regulated,0.407934,0.0345657,,
ENSOARG00000007973,MRFAP1,up_regulated,0.407125,0.0270635,,
ENSOARG00000019264,GTF3C2,up_regulated,0.40654,0.00806479,,
ENSOARG00000010523,JAG1,up_regulated,0.406351,0.0166477,,
ENSOARG00000009996,CACHD1,up_regulated,0.406119,0.0480891,,
ENSOARG00000015989,MPHOSPH10,up_regulated,0.405564,0.0291484,,
ENSOARG00000011074,MED1,up_regulated,0.40525,0.0110987,,
ENSOARG00000016174,DSN1,up_regulated,0.405192,0.0350692,,
ENSOARG00000009555,H3F3A,up_regulated,0.404578,0.0379449,,
ENSOARG00000020154,-,up_regulated,0.404375,0.00799917,,
ENSOARG00000018890,CCNYL1,up_regulated,0.404291,0.00767557,,
ENSOARG00000009332,VPS36,up_regulated,0.404225,0.0245504,,
ENSOARG00000013565,ARF4,up_regulated,0.402912,0.00541319,,
ENSOARG00000003073,ABCB10,up_regulated,0.402858,0.0207986,,
ENSOARG00000011354,KLHL21,up_regulated,0.401857,0.0209024,,
ENSOARG00000008366,FAM208B,up_regulated,0.401825,0.0174697,,
ENSOARG00000013908,NCAPH,up_regulated,0.401574,0.0262628,,
ENSOARG00000012449,CDK17,up_regulated,0.398592,0.0360584,,
ENSOARG00000003489,GGPS1,up_regulated,0.39851,0.0296564,,
ENSOARG00000018768,RAB5C,up_regulated,0.398417,0.0109376,,
ENSOARG00000009946,HEATR5B,up_regulated,0.397564,0.0491047,,
ENSOARG00000007088,GSPT1,up_regulated,0.397328,0.0406282,,
ENSOARG00000003021,-,up_regulated,0.396971,0.0052989,,
ENSOARG00000009818,NCOA3,up_regulated,0.396784,0.0105265,,
ENSOARG00000011221,NXN,up_regulated,0.395925,0.0188521,,
ENSOARG00000011370,SERTAD3,up_regulated,0.395832,0.00995209,,
ENSOARG00000010619,RHBDF1,up_regulated,0.395404,0.0147176,,
ENSOARG00000012654,RAB3GAP2,up_regulated,0.395282,0.0202256,,
ENSOARG00000010158,-,up_regulated,0.395185,0.00650262,,
ENSOARG00000005891,DHX15,up_regulated,0.395032,0.043036,,
ENSOARG00000012889,CPSF2,up_regulated,0.394673,0.00862647,,
ENSOARG00000002685,MBNL2,up_regulated,0.39407,0.0207986,,
ENSOARG00000014861,SH3GLB1,up_regulated,0.393161,0.00957574,,
ENSOARG00000014188,ENPP1,up_regulated,0.388189,0.0336499,,
ENSOARG00000018349,ATP7A,up_regulated,0.387005,0.0355122,,
ENSOARG00000018163,RGMB,up_regulated,0.385633,0.045276,,
ENSOARG00000004329,SRP72,up_regulated,0.383143,0.012431,,
ENSOARG00000011051,CRISPLD2,up_regulated,0.382693,0.0224131,,
ENSOARG00000000818,TRIM68,up_regulated,0.379513,0.0327933,,
ENSOARG00000018897,IFT57,up_regulated,0.376791,0.0437005,,
ENSOARG00000001511,STAT3,up_regulated,0.3764,0.0119846,,
ENSOARG00000006870,RBMS1,up_regulated,0.375843,0.0225731,,
ENSOARG00000009264,CHFR,up_regulated,0.375814,0.0165037,,
ENSOARG00000020826,BNIP2,up_regulated,0.375352,0.0224697,,
ENSOARG00000006570,TBC1D10A,up_regulated,0.374974,0.0436396,,
ENSOARG00000008242,SRP68,up_regulated,0.374949,0.0350863,,
ENSOARG00000005538,POLR2B,up_regulated,0.37382,0.0105705,,
ENSOARG00000012943,CRTC3,up_regulated,0.372919,0.0323995,,
ENSOARG00000009837,PGM2,up_regulated,0.372852,0.0147713,,
ENSOARG00000004680,SH3PXD2A,up_regulated,0.37186,0.0150254,,
ENSOARG00000000161,-,up_regulated,0.370228,0.0358374,,
ENSOARG00000018593,HADHA,up_regulated,0.368641,0.0135274,,
ENSOARG00000010578,MAPKAPK5,up_regulated,0.368106,0.0312016,,
ENSOARG00000007574,PARN,up_regulated,0.367702,0.0255554,,
ENSOARG00000013448,POR,up_regulated,0.367623,0.0445066,,
ENSOARG00000019342,HOMEZ,up_regulated,0.366233,0.0355757,,
ENSOARG00000007673,SPIN1,up_regulated,0.366061,0.0277494,,
ENSOARG00000002996,ATP6V0D1,up_regulated,0.365291,0.0255887,,
ENSOARG00000020442,NOTCH2,up_regulated,0.364552,0.0145402,,
ENSOARG00000001352,SMG7,up_regulated,0.362281,0.022759,,
ENSOARG00000015214,P2RX4,up_regulated,0.361328,0.0273206,,
ENSOARG00000013122,NLGN2,up_regulated,0.361205,0.0289495,,
ENSOARG00000006023,ERBB2IP,up_regulated,0.359965,0.0207986,,
ENSOARG00000007337,MTCH2,up_regulated,0.359959,0.0425954,,
ENSOARG00000020511,CAPG,up_regulated,0.359591,0.0392063,,
ENSOARG00000009446,PPP4R2,up_regulated,0.359056,0.0283367,,
ENSOARG00000013312,PRPF8,up_regulated,0.358993,0.0126588,,
ENSOARG00000008030,PPP2R3A,up_regulated,0.358741,0.0330463,,
ENSOARG00000015792,EHBP1L1,up_regulated,0.357804,0.0178733,,
ENSOARG00000004194,TIAM2,up_regulated,0.355459,0.0369507,,
ENSOARG00000020796,MRPS21,up_regulated,0.354415,0.0355757,,
ENSOARG00000012972,-,up_regulated,0.3542,0.0294822,,
ENSOARG00000019722,PPFIBP1,up_regulated,0.35325,0.0192245,,
ENSOARG00000020709,-,up_regulated,0.352645,0.040594,,
ENSOARG00000005700,MARK3,up_regulated,0.352285,0.0347321,,
ENSOARG00000019712,-,up_regulated,0.350619,0.0247883,,
ENSOARG00000011086,ABR,up_regulated,0.349046,0.0180647,,
ENSOARG00000014311,-,up_regulated,0.348833,0.0492648,,
ENSOARG00000001874,UTRN,up_regulated,0.348789,0.021417,,
ENSOARG00000010415,WWC3,up_regulated,0.346596,0.0292032,,
ENSOARG00000016931,-,up_regulated,0.344569,0.0180444,,
ENSOARG00000006198,CPT2,up_regulated,0.344033,0.0390879,,
ENSOARG00000014341,DDX24,up_regulated,0.342255,0.0308615,,
ENSOARG00000006227,TIMM50,up_regulated,0.342002,0.0392063,,
ENSOARG00000013865,CDKL3,up_regulated,0.341657,0.0370357,,
ENSOARG00000000768,PLRG1,up_regulated,0.341261,0.045379,,
ENSOARG00000014936,LMO4,up_regulated,0.338713,0.029083,,
ENSOARG00000010335,-,up_regulated,0.33673,0.0481486,,
ENSOARG00000020808,EMP1,up_regulated,0.33474,0.026213,,
ENSOARG00000006739,G6PC3,up_regulated,0.334491,0.0455928,,
ENSOARG00000019011,LRRFIP1,up_regulated,0.332355,0.0335331,,
ENSOARG00000011030,NDUFV3,up_regulated,0.331916,0.0491018,,
ENSOARG00000018926,EIF3D,up_regulated,0.331132,0.0420902,,
ENSOARG00000008102,CUEDC1,up_regulated,0.329329,0.0418916,,
ENSOARG00000012267,PRC1,up_regulated,0.329085,0.0439989,,
ENSOARG00000014830,ANXA5,up_regulated,0.328319,0.0360882,,
ENSOARG00000013714,CD34,up_regulated,0.327761,0.0422642,,
ENSOARG00000008027,MYC,up_regulated,0.327138,0.0481571,,
ENSOARG00000007419,ABL1,up_regulated,0.327067,0.0292055,,
ENSOARG00000018661,-,up_regulated,0.323243,0.0347821,,
ENSOARG00000021084,MAPK1IP1L,up_regulated,0.31123,0.0484412,,
ENSOARG00000014671,NF1,up_regulated,0.310889,0.0457107,,
ENSOARG00000002448,ATP8B2,up_regulated,0.309488,0.0455224,,
ENSOARG00000004927,SEPT7,up_regulated,0.307372,0.048099,,
